platform,id,title,description,channel,published_at,views,likes,comments,url,text,author,followers,retweets,replies,caption,username,type,domain,position,search_variation,search_keyword,full_text,detected_brands,brand_count,primary_brand,mentions_atomberg,sentiment,sentiment_score,total_engagement
YouTube,nVPNjae59-s,Atomberg Rensa Plus BLDC Fan #gadgetshorts  #shorts,"Atomberg Rensa Plus BLDC Fan #gadgetshorts  #shorts 
atomberg Renesa+ 1200mm BLDC Motor 5 Star Rated Ceiling Fans for Home with Remote Control 
Buy Link: https://amzn.to/3K0Q5rd
https://fktr.in/21KipgH

#bldcfan #atomberg #rensaplus #atombergrensa #utpadunbox #smartfan",Utpad Unbox,2023-03-23T06:16:22Z,2896261.0,24556,201.0,https://youtube.com/watch?v=nVPNjae59-s,,,,,,,,,,,,smart fan,"Atomberg Rensa Plus BLDC Fan #gadgetshorts  #shorts Atomberg Rensa Plus BLDC Fan #gadgetshorts  #shorts 
atomberg Renesa+ 1200mm BLDC Motor 5 Star Rated Ceiling Fans for Home with Remote Control 
Buy Link: https://amzn.to/3K0Q5rd
https://fktr.in/21KipgH

#bldcfan #atomberg #rensaplus #atombergrensa #utpadunbox #smartfan",['Atomberg'],1,Atomberg,True,neutral,-0.1,27854.261
YouTube,g3uJjG1zxd0,Atomberg Renesa smart fan #shorts #youtubeshorts #smartgadgets #homeimprovement #amazonfinds,"Atomberg Renesa smart fan #shorts #youtubeshorts #smartgadgets #homeimprovement #amazonfinds #flipkart #atomberg #smarthome #smarthomegadgets #homedecor #ceilingfan 
Atomberg Renesa smart fan |
Smart home appliances |
Smart home gadgets |
Home finds |
Amazon home finds |
Flipkart finds |
Ceiling fan |
Home improvement products |",Quirk Art for Home by Stuti,2024-07-26T04:32:41Z,1745851.0,6145,35.0,https://youtube.com/watch?v=g3uJjG1zxd0,,,,,,,,,,,,smart fan,"Atomberg Renesa smart fan #shorts #youtubeshorts #smartgadgets #homeimprovement #amazonfinds Atomberg Renesa smart fan #shorts #youtubeshorts #smartgadgets #homeimprovement #amazonfinds #flipkart #atomberg #smarthome #smarthomegadgets #homedecor #ceilingfan 
Atomberg Renesa smart fan |
Smart home appliances |
Smart home gadgets |
Home finds |
Amazon home finds |
Flipkart finds |
Ceiling fan |
Home improvement products |",['Atomberg'],1,Atomberg,True,positive,0.214,7960.851000000001
YouTube,gFT688pEDYk,Atomberg BLDC Ceiling fan With remote 3in1 Led light Smart fan  #remotefan  #atombergfan #ceilingfan,,Lighting Adda,2025-06-04T05:00:59Z,36512.0,155,0.0,https://youtube.com/watch?v=gFT688pEDYk,,,,,,,,,,,,smart fan,Atomberg BLDC Ceiling fan With remote 3in1 Led light Smart fan  #remotefan  #atombergfan #ceilingfan nan,['Atomberg'],1,Atomberg,True,positive,0.171,191.512
YouTube,M51FK8wEg0k,Atomberg Renesa BLDC smart ceiling fan app control kaise kare. #shorts #youtubeshorts,Atomberg renesa bldc smart ceiling fan ka app control kaise kare dekhiye.,Amazing Technique Gyan,2024-04-02T13:44:17Z,3101410.0,15936,107.0,https://youtube.com/watch?v=M51FK8wEg0k,,,,,,,,,,,,smart fan,Atomberg Renesa BLDC smart ceiling fan app control kaise kare. #shorts #youtubeshorts Atomberg renesa bldc smart ceiling fan ka app control kaise kare dekhiye.,['Atomberg'],1,Atomberg,True,positive,0.214,19251.41
YouTube,3wkfkBYNnzU,Modern Ceiling Fan | Bladeless ceiling fan SMART CEILLING FAN with light #viralshort #ceilingfan,"Buy now:-
🛍️🇮🇳:-   https://amzn.to/46WWVKj  

🇺🇸:- https://amzn.to/4fEaAIx
 
Modern Ceiling Fan SMART CEILLING FAN#viralshort #ceilingfan #gadgests #modercellingfan0#shorts #youtubeshorts #shortvideo
@Fact2Fact @hopescope @BollywoodHungama 

your Queries 
ceiling fan
bldc ceiling fan
xaujix ceiling fan
ceiling fan yellow wire
ceiling fan youtube
ceiling fan yang bagus
ceiling fan uk
ceiling fan youtube video
modern smart ceiling fan
smart ceiling fan
fan modern
bldc smart ceiling fan
bldc smart fan
ceiling fan smart
modern ceiling jhumar
lg smart ceiling fan
modern smart ceiling fan with light
olvon modern smart ceiling fan with light
fandian 36 modern smart ceiling fans with light
modern forms smart ceiling fan
modern forms aura smart ceiling fan
modern smart ceiling fans
modern forms smart ceiling fans
ceiling fan
modern ceiling
 fan,ceiling 
fan installation,
modern fan
best ceiling fan
ceiling fan with light
modern ceiling fans
diy ceiling fan
ceiling fan connection,
ceiling fan wiring,
how to install a ceiling fan
ceiling fan falling down
ceiling fan with led light,
ceiling fans
fan
52 inch ceiling fan,
honeywell modern ceiling fan,
ceiling fan makeover,
smart ceiling fan
,modern fan company,
modern ceiling fan upgrade,
modern enclosed ceiling fan
ceiling fan
ceiling fan price
usha ceiling fan under 1000
takealot ceiling fan
ceiling fan under ₹2000
ceiling fan under 700
ceiling fan under ₹3000
usha ceiling fan
usha swift ceiling fan
usha ceiling fan price under 1 000
universal ceiling fan remote
usha ceiling fan high speed
toy ceiling fan
unique ceiling fan
usha ceiling fan 1200mm price
ventilador ceiling fan with light
ceiling fan with remote
ceiling fan with chandelier
ceiling fan with led light
ceiling fan with remote control
white ceiling fan with light
two blade ceiling fan
taurus ceiling fan
orient 1400mm ceiling fan
best quality ceiling fan
ceiling fan price under 1000
ceiling fan price under ₹1000
polycab ceiling fan
polar ceiling fan
price ceiling fan winding machine rate
polar ceiling fan price
plastic ceiling fan
ceiling fan best quality
ceiling fan remote control
types of ceiling fan
ceiling fan rate
ceiling fan thailand
ceiling tower fan
electric fan toy
ceiling fan bldc technology
ceiling fan cape town
cooling tower fan
electric table fan
toofan ceiling fan
white ceiling fan with light and remote",Smart Home ,2025-04-27T07:50:39Z,372005.0,0,43.0,https://youtube.com/watch?v=3wkfkBYNnzU,,,,,,,,,,,,smart fan,"Modern Ceiling Fan | Bladeless ceiling fan SMART CEILLING FAN with light #viralshort #ceilingfan Buy now:-
🛍️🇮🇳:-   https://amzn.to/46WWVKj  

🇺🇸:- https://amzn.to/4fEaAIx
 
Modern Ceiling Fan SMART CEILLING FAN#viralshort #ceilingfan #gadgests #modercellingfan0#shorts #youtubeshorts #shortvideo
@Fact2Fact @hopescope @BollywoodHungama 

your Queries 
ceiling fan
bldc ceiling fan
xaujix ceiling fan
ceiling fan yellow wire
ceiling fan youtube
ceiling fan yang bagus
ceiling fan uk
ceiling fan youtube video
modern smart ceiling fan
smart ceiling fan
fan modern
bldc smart ceiling fan
bldc smart fan
ceiling fan smart
modern ceiling jhumar
lg smart ceiling fan
modern smart ceiling fan with light
olvon modern smart ceiling fan with light
fandian 36 modern smart ceiling fans with light
modern forms smart ceiling fan
modern forms aura smart ceiling fan
modern smart ceiling fans
modern forms smart ceiling fans
ceiling fan
modern ceiling
 fan,ceiling 
fan installation,
modern fan
best ceiling fan
ceiling fan with light
modern ceiling fans
diy ceiling fan
ceiling fan connection,
ceiling fan wiring,
how to install a ceiling fan
ceiling fan falling down
ceiling fan with led light,
ceiling fans
fan
52 inch ceiling fan,
honeywell modern ceiling fan,
ceiling fan makeover,
smart ceiling fan
,modern fan company,
modern ceiling fan upgrade,
modern enclosed ceiling fan
ceiling fan
ceiling fan price
usha ceiling fan under 1000
takealot ceiling fan
ceiling fan under ₹2000
ceiling fan under 700
ceiling fan under ₹3000
usha ceiling fan
usha swift ceiling fan
usha ceiling fan price under 1 000
universal ceiling fan remote
usha ceiling fan high speed
toy ceiling fan
unique ceiling fan
usha ceiling fan 1200mm price
ventilador ceiling fan with light
ceiling fan with remote
ceiling fan with chandelier
ceiling fan with led light
ceiling fan with remote control
white ceiling fan with light
two blade ceiling fan
taurus ceiling fan
orient 1400mm ceiling fan
best quality ceiling fan
ceiling fan price under 1000
ceiling fan price under ₹1000
polycab ceiling fan
polar ceiling fan
price ceiling fan winding machine rate
polar ceiling fan price
plastic ceiling fan
ceiling fan best quality
ceiling fan remote control
types of ceiling fan
ceiling fan rate
ceiling fan thailand
ceiling tower fan
electric fan toy
ceiling fan bldc technology
ceiling fan cape town
cooling tower fan
electric table fan
toofan ceiling fan
white ceiling fan with light and remote","['Orient', 'Usha', 'Polycab']",3,Orient,False,positive,0.225,458.005
YouTube,auGsGYXFisg,Ceiling fan 😩 atomberg studio smart plus fan #fan #fansound #shorts #shortsvideo #viralvideo,Ceiling fan 😩 atomberg studio smart plus fan #fan #fansound #shorts #shortsvideo #viralvideo,Utpad Unbox,2024-08-14T03:25:52Z,1360087.0,5667,33.0,https://youtube.com/watch?v=auGsGYXFisg,,,,,,,,,,,,smart fan,Ceiling fan 😩 atomberg studio smart plus fan #fan #fansound #shorts #shortsvideo #viralvideo Ceiling fan 😩 atomberg studio smart plus fan #fan #fansound #shorts #shortsvideo #viralvideo,['Atomberg'],1,Atomberg,True,positive,0.214,7093.0869999999995
YouTube,MQES_LprVeY,Ceiling Fan with Lights & Remote – Stylish & Functional Home Upgrade!,"Ceiling Fan with Lights & Remote – Stylish & Functional Home Upgrade! 


#CeilingFan #FanWithLight #HomeDecor #SmartHome #LEDFan




🏡 Upgrade Your Home with a Smart Ceiling Fan! 💨
This low-profile ceiling fan with built-in LED lights & remote control is the perfect blend of style and convenience. Whether it's for your living room, bedroom, or office, this fan offers powerful airflow, adjustable lighting, and easy operation at your fingertips!


✔ 3-in-1 Function – Cooling fan + LED light + remote control
✔ Energy-Efficient Design – Save power while staying cool
✔ Adjustable Brightness & Fan Speeds – Customize your comfort
✔ Silent Motor & Sleek Design – Perfect for any modern home
✔ Easy Installation – No hassle, just convenience


💬 What’s your favorite feature in a ceiling fan? Drop a comment below! 👇",QC Store,2025-03-29T16:00:24Z,3628620.0,14355,152.0,https://youtube.com/watch?v=MQES_LprVeY,,,,,,,,,,,,smart fan,"Ceiling Fan with Lights & Remote – Stylish & Functional Home Upgrade! Ceiling Fan with Lights & Remote – Stylish & Functional Home Upgrade! 


#CeilingFan #FanWithLight #HomeDecor #SmartHome #LEDFan




🏡 Upgrade Your Home with a Smart Ceiling Fan! 💨
This low-profile ceiling fan with built-in LED lights & remote control is the perfect blend of style and convenience. Whether it's for your living room, bedroom, or office, this fan offers powerful airflow, adjustable lighting, and easy operation at your fingertips!


✔ 3-in-1 Function – Cooling fan + LED light + remote control
✔ Energy-Efficient Design – Save power while staying cool
✔ Adjustable Brightness & Fan Speeds – Customize your comfort
✔ Silent Motor & Sleek Design – Perfect for any modern home
✔ Easy Installation – No hassle, just convenience


💬 What’s your favorite feature in a ceiling fan? Drop a comment below! 👇",[],0,Generic,False,positive,0.337,18287.62
YouTube,EORIkYyM5KQ,Smart Ceiling Fan 🤔 #fansound​ #fan​ #shortvideo​ #shorts​ #viralvideo​,Smart Ceiling Fan 🤔 #fansound #fan #shortvideo #shorts #viralvideo,Asad vlog,2025-08-15T16:20:47Z,308959.0,852,0.0,https://youtube.com/watch?v=EORIkYyM5KQ,,,,,,,,,,,,smart fan,Smart Ceiling Fan 🤔 #fansound​ #fan​ #shortvideo​ #shorts​ #viralvideo​ Smart Ceiling Fan 🤔 #fansound #fan #shortvideo #shorts #viralvideo,[],0,Generic,False,positive,0.214,1160.959
YouTube,sszo5Hbdjoo,Atomberg BLDC Ceiling Fan | Sabse smart fan india ka | smart ceiling fan review #Shorts #DIY Part-1,"Atomberg Renesa Smartest Fan in India?  BLDC + 🌟 5-star 🌟 BLDC fan, Remote Ceiling fan for Home, Works with Alexa #Shorts
Looking for a stylish and energy-efficient ceiling fan? Meet the Atomberg Renesa Halo Smart 1200mm – India's smartest fan, featuring a BLDC motor, voice control, IoT capabilities, and an LED speed indicator. Perfect for modern homes. 3-Year Warranty, Newly Launched.
▬▬▬▬▬▬▬▬▬▬▬▬▬▬▬▬▬▬▬▬▬▬▬▬▬▬▬▬▬▬▬▬▬▬
🌟Please leave a LIKE ❤️ and SUBSCRIBE 🔔 For More Videos Like This! 🌟
▬▬▬▬▬▬▬▬▬▬▬▬▬▬▬▬▬▬▬▬▬▬▬▬▬▬▬▬▬▬▬▬▬▬
#Atomberg 
#smartfan  
#ceilingfan 
#TechReview 
#homeappliances  
#5star 
#fans 
#fanspowerconsumption
#fanpower  
#shorts",kawaljeet kaur,2025-06-09T12:31:00Z,16441.0,149,2.0,https://youtube.com/watch?v=sszo5Hbdjoo,,,,,,,,,,,,smart fan,"Atomberg BLDC Ceiling Fan | Sabse smart fan india ka | smart ceiling fan review #Shorts #DIY Part-1 Atomberg Renesa Smartest Fan in India?  BLDC + 🌟 5-star 🌟 BLDC fan, Remote Ceiling fan for Home, Works with Alexa #Shorts
Looking for a stylish and energy-efficient ceiling fan? Meet the Atomberg Renesa Halo Smart 1200mm – India's smartest fan, featuring a BLDC motor, voice control, IoT capabilities, and an LED speed indicator. Perfect for modern homes. 3-Year Warranty, Newly Launched.
▬▬▬▬▬▬▬▬▬▬▬▬▬▬▬▬▬▬▬▬▬▬▬▬▬▬▬▬▬▬▬▬▬▬
🌟Please leave a LIKE ❤️ and SUBSCRIBE 🔔 For More Videos Like This! 🌟
▬▬▬▬▬▬▬▬▬▬▬▬▬▬▬▬▬▬▬▬▬▬▬▬▬▬▬▬▬▬▬▬▬▬
#Atomberg 
#smartfan  
#ceilingfan 
#TechReview 
#homeappliances  
#5star 
#fans 
#fanspowerconsumption
#fanpower  
#shorts",['Atomberg'],1,Atomberg,True,positive,0.334,169.441
YouTube,5_3JIC6we7o,Best selling Smart BLDC Ceiling with Alexa | Atomberg Renesa Smart+ #smartfan #atombergfan #bldcfans,"Best selling Smart BLDC Ceiling with Alexa ||  Atomberg Renesa Smart+


#BLDCFan #SmartFan #Atomberg


Today I am unboxing one of the best smart BLDC ceiling fan in the market from Atomberg. It's a BLDC Smart Fan which saves 65% electricity and comes with smart features like voice control with Alexa and Google home, Atomberg Home Application. 

Buy links:

Renesa Smart+: 
Atomberg: 
Amazon: https://www.amazon.in/dp/B07QKKCBS2?tag=kprashant-21
Flipkart: https://fkrt.cc/EKLWLz81

Atomberg, is the leading brand in smartfans, has combined technology with energy efficiency to create the ultimate solution.

Key features of Atomberg Renesa Smart+:

Smart Control: Control your fan with ease using the mobile app, voice assistant, or remote control.

BLDC Motor: Enjoy efficient performance and energy savings with the powerful BLDC motor.

5-Star Rated by BEE: Recognized for outstanding energy efficiency by the Bureau of Energy Efficiency (BEE)

Easy to Clean: Hassle-free maintenance with a user-friendly design.

Upgrade your home with the smart BLDC fans Atomberg the best smart fans brand from India. Watch my review video to know more about these innovative fans and transform your living space today!

Don't forget to like, comment, and subscribe for more informative content on the latest smart technology.

Smart Ceiling Fan || Alexa + Remote Controlled | Atomberg Renesa Smart+ fan Unboxing & Review",DESi CONSUMEr,2024-04-01T05:59:01Z,783628.0,0,129.0,https://youtube.com/watch?v=5_3JIC6we7o,,,,,,,,,,,,smart fan,"Best selling Smart BLDC Ceiling with Alexa | Atomberg Renesa Smart+ #smartfan #atombergfan #bldcfans Best selling Smart BLDC Ceiling with Alexa ||  Atomberg Renesa Smart+


#BLDCFan #SmartFan #Atomberg


Today I am unboxing one of the best smart BLDC ceiling fan in the market from Atomberg. It's a BLDC Smart Fan which saves 65% electricity and comes with smart features like voice control with Alexa and Google home, Atomberg Home Application. 

Buy links:

Renesa Smart+: 
Atomberg: 
Amazon: https://www.amazon.in/dp/B07QKKCBS2?tag=kprashant-21
Flipkart: https://fkrt.cc/EKLWLz81

Atomberg, is the leading brand in smartfans, has combined technology with energy efficiency to create the ultimate solution.

Key features of Atomberg Renesa Smart+:

Smart Control: Control your fan with ease using the mobile app, voice assistant, or remote control.

BLDC Motor: Enjoy efficient performance and energy savings with the powerful BLDC motor.

5-Star Rated by BEE: Recognized for outstanding energy efficiency by the Bureau of Energy Efficiency (BEE)

Easy to Clean: Hassle-free maintenance with a user-friendly design.

Upgrade your home with the smart BLDC fans Atomberg the best smart fans brand from India. Watch my review video to know more about these innovative fans and transform your living space today!

Don't forget to like, comment, and subscribe for more informative content on the latest smart technology.

Smart Ceiling Fan || Alexa + Remote Controlled | Atomberg Renesa Smart+ fan Unboxing & Review",['Atomberg'],1,Atomberg,True,positive,0.348,1041.6280000000002
YouTube,Mi47WrYB5mc,Best Smart fan For Home #shorts #youtubeshorts | Atomberg Aris Contour Smart 1200mm BLDC Ceiling Fan,"Best Smart fan For Home #shorts #youtubeshorts | Atomberg Aris Contour Smart 1200mm BLDC Ceiling Fan
Buying Link: https://amzn.to/4bb4vBd


#TechInnovation #SmartHome #CeilingFan #Atomberg #TechReview #SmartLiving #ModernDesign #GadgetLover #HomeTech #shailendrakhare",Shailendra Khare,2025-03-26T15:30:15Z,491588.0,4171,41.0,https://youtube.com/watch?v=Mi47WrYB5mc,,,,,,,,,,,,smart fan,"Best Smart fan For Home #shorts #youtubeshorts | Atomberg Aris Contour Smart 1200mm BLDC Ceiling Fan Best Smart fan For Home #shorts #youtubeshorts | Atomberg Aris Contour Smart 1200mm BLDC Ceiling Fan
Buying Link: https://amzn.to/4bb4vBd


#TechInnovation #SmartHome #CeilingFan #Atomberg #TechReview #SmartLiving #ModernDesign #GadgetLover #HomeTech #shailendrakhare",['Atomberg'],1,Atomberg,True,positive,0.476,4744.588
YouTube,a0dam__imzk,"Crompton silent, pro🔥BLDC 🔥🥵BLDC India Numer 1 fans🔥👀#vairal_video #bldcfan ￼",,Crazy Govind,2023-06-02T11:41:43Z,1060610.0,0,111.0,https://youtube.com/watch?v=a0dam__imzk,,,,,,,,,,,,smart fan,"Crompton silent, pro🔥BLDC 🔥🥵BLDC India Numer 1 fans🔥👀#vairal_video #bldcfan ￼ nan",['Crompton'],1,Crompton,False,neutral,0.0,1282.6100000000001
YouTube,k28Lo3hELmQ,[NEW 2025]🔥Best BLDC Ceiling Fan In India 2025🔥Best BLDC Ceiling Fan Under ₹2500 - ₹3000,"✨ BUY HERE to Support! (No Promotion – Just Honest Picks) 👇👇👇

✅ Best BLDC Ceiling Fans Under  ₹2,500

🌀 atomberg Ameza👉 https://amzn.to/45Hi0Yc
🌀 Orient Electric Uno BLDC👉 https://amzn.to/41vSvqb

✅ Best BLDC Ceiling Fans Under  ₹3,000

🌀 atomberg Efficio Alpha👉https://amzn.to/4oVUBtH
🌀 Crompton Energion HS👉 https://amzn.to/4p0vWnu

✅ Best BLDC Ceiling Fans Under  ₹3500 - ₹4000

🌀 atomberg Renesa👉 https://amzn.to/4p0QLz8
🌀 atomberg Renesa Elite👉 https://amzn.to/4lXpVp9

✅ Best SMART BLDC Ceiling Fans Under  ₹3500 - ₹4000

🌀 atomberg Renesa Smart👉 https://amzn.to/41RlncP
🌀 atomberg Renesa Elite Smart👉 https://amzn.to/4lPgXdm
🌀 Havells Ambrose👉 https://amzn.to/4fWZONA


👉 Best Amazon Deals & Discounts-  https://amzn.to/4gnfbhI

Looking for the Best BLDC Ceiling Fans in India 2025? 🌬️⚡ In this video, I’ll show you the top BLDC ceiling fans that save up to 65% electricity, run silently, and come with remote control features. Perfect for home & office use in India! 🇮🇳

⏱️ Time Stamps:
00:00 – Intro 🌟
00:45 – Why Choose BLDC Fans? ⚡
03:02 – Top 3 BLDC Ceiling Fans in India 2025 🏆
04:08 – Price, Features & Remote Control Benefits 🎮
04:33 – Final Verdict & Buying Links 📌

📌 Trending Searches in India 🔥:
#BestBLDCCeilingFan #CeilingFan2025 #EnergySavingFan #TopBLDCFan #AtombergFan #CromptonFan #HavellsFan

LET'S CONNECT
🌈 INSTAGRAM (@TechRxHub) ► https://instagram.com/techrxhub
🔵 TELEGRAM (@TechRxHub) ► https://t.me/techrxhub
📧 MAIL ► connect.techrx@gmail.com

TOPIC & QUERY COVERED:
Best BLDC Ceiling Fan in India 2025
BLDC ceiling fan review
energy saving fans India
top BLDC fans 2025
Atomberg BLDC fan review
best ceiling fan with remote 2025
best ceiling fan under 3000 India
best ceiling fan 2025 in india
best bldc fan 2025
bldc ceiling fan
best bldc fan
best bldc ceiling fan
best bldc ceiling fan in india 2025 Hindi
best bldc ceiling fan hindi
best bldc ceiling fan with remote
best bldc ceiling fan under 3000
best bldc ceiling fan 2025
best bldc ceiling fan in india 2025 under 3000
best bldc ceiling fan under 2500
bldc ceiling fan india
bldc ceiling fan Hindi
bldc ceiling fan repair
bldc ceiling fan vs normal ceiling fan
bldc ceiling fan connection
best bldc fans in india 2025
best bldc fan Hindi
best bldc motor
best bldc fan under 3000
best bldc fan 2025 in india
best ceiling fan under 3000
best ceiling fan under 2500
best ceiling fan bldc
best ceiling design
best ceiling fan in india
best ceiling lights for living room
best ceiling fan 2025 in india hindi
best ceiling design for small bedroom
best ceiling fan Hindi
best ceiling light
best ceiling fan
atomberg bldc ceiling fan
crompton bldc ceiling fan
havells bldc ceiling fan
best bldc fan in india
bldc fan review
bldc fan price in india
bldc motor fan
bldc motor fan in india
atomberg bldc fan
best fan under 2000
best fan under 3000
top 5 fans in india
bldc ceiling fan 2025
best smart ceiling fan amazon
best smart ceiling fans
smart ceiling fan review

NOTE: ALL THE IMAGES/PICTURES SHOWN IN THE VIDEO BELONG TO THE RESPECTED OWNERS AND NOT ME. I AM NOT THE OWNER OF ANY PICTURES SHOWN IN THE VIDEO. WE'RE ALSO PART OF THE AMAZON AFFILIATE PROGRAM BY WHICH WE EARN COMMISSIONS ON EVERY SALE.

★ Copyright Disclaimer Under Section 107 of the Copyright Act 1976, allowance is made for ""fair use"" for purposes such as criticism, comment, news reporting, teaching, scholarship, and research. Fair use is a use permitted by copyright statute that might otherwise be infringing. Non-profit, educational, or personal use tips the balance in favor of fair use.",TechRx Home,2025-08-31T04:30:34Z,70490.0,413,61.0,https://youtube.com/watch?v=k28Lo3hELmQ,,,,,,,,,,,,smart fan,"[NEW 2025]🔥Best BLDC Ceiling Fan In India 2025🔥Best BLDC Ceiling Fan Under ₹2500 - ₹3000 ✨ BUY HERE to Support! (No Promotion – Just Honest Picks) 👇👇👇

✅ Best BLDC Ceiling Fans Under  ₹2,500

🌀 atomberg Ameza👉 https://amzn.to/45Hi0Yc
🌀 Orient Electric Uno BLDC👉 https://amzn.to/41vSvqb

✅ Best BLDC Ceiling Fans Under  ₹3,000

🌀 atomberg Efficio Alpha👉https://amzn.to/4oVUBtH
🌀 Crompton Energion HS👉 https://amzn.to/4p0vWnu

✅ Best BLDC Ceiling Fans Under  ₹3500 - ₹4000

🌀 atomberg Renesa👉 https://amzn.to/4p0QLz8
🌀 atomberg Renesa Elite👉 https://amzn.to/4lXpVp9

✅ Best SMART BLDC Ceiling Fans Under  ₹3500 - ₹4000

🌀 atomberg Renesa Smart👉 https://amzn.to/41RlncP
🌀 atomberg Renesa Elite Smart👉 https://amzn.to/4lPgXdm
🌀 Havells Ambrose👉 https://amzn.to/4fWZONA


👉 Best Amazon Deals & Discounts-  https://amzn.to/4gnfbhI

Looking for the Best BLDC Ceiling Fans in India 2025? 🌬️⚡ In this video, I’ll show you the top BLDC ceiling fans that save up to 65% electricity, run silently, and come with remote control features. Perfect for home & office use in India! 🇮🇳

⏱️ Time Stamps:
00:00 – Intro 🌟
00:45 – Why Choose BLDC Fans? ⚡
03:02 – Top 3 BLDC Ceiling Fans in India 2025 🏆
04:08 – Price, Features & Remote Control Benefits 🎮
04:33 – Final Verdict & Buying Links 📌

📌 Trending Searches in India 🔥:
#BestBLDCCeilingFan #CeilingFan2025 #EnergySavingFan #TopBLDCFan #AtombergFan #CromptonFan #HavellsFan

LET'S CONNECT
🌈 INSTAGRAM (@TechRxHub) ► https://instagram.com/techrxhub
🔵 TELEGRAM (@TechRxHub) ► https://t.me/techrxhub
📧 MAIL ► connect.techrx@gmail.com

TOPIC & QUERY COVERED:
Best BLDC Ceiling Fan in India 2025
BLDC ceiling fan review
energy saving fans India
top BLDC fans 2025
Atomberg BLDC fan review
best ceiling fan with remote 2025
best ceiling fan under 3000 India
best ceiling fan 2025 in india
best bldc fan 2025
bldc ceiling fan
best bldc fan
best bldc ceiling fan
best bldc ceiling fan in india 2025 Hindi
best bldc ceiling fan hindi
best bldc ceiling fan with remote
best bldc ceiling fan under 3000
best bldc ceiling fan 2025
best bldc ceiling fan in india 2025 under 3000
best bldc ceiling fan under 2500
bldc ceiling fan india
bldc ceiling fan Hindi
bldc ceiling fan repair
bldc ceiling fan vs normal ceiling fan
bldc ceiling fan connection
best bldc fans in india 2025
best bldc fan Hindi
best bldc motor
best bldc fan under 3000
best bldc fan 2025 in india
best ceiling fan under 3000
best ceiling fan under 2500
best ceiling fan bldc
best ceiling design
best ceiling fan in india
best ceiling lights for living room
best ceiling fan 2025 in india hindi
best ceiling design for small bedroom
best ceiling fan Hindi
best ceiling light
best ceiling fan
atomberg bldc ceiling fan
crompton bldc ceiling fan
havells bldc ceiling fan
best bldc fan in india
bldc fan review
bldc fan price in india
bldc motor fan
bldc motor fan in india
atomberg bldc fan
best fan under 2000
best fan under 3000
top 5 fans in india
bldc ceiling fan 2025
best smart ceiling fan amazon
best smart ceiling fans
smart ceiling fan review

NOTE: ALL THE IMAGES/PICTURES SHOWN IN THE VIDEO BELONG TO THE RESPECTED OWNERS AND NOT ME. I AM NOT THE OWNER OF ANY PICTURES SHOWN IN THE VIDEO. WE'RE ALSO PART OF THE AMAZON AFFILIATE PROGRAM BY WHICH WE EARN COMMISSIONS ON EVERY SALE.

★ Copyright Disclaimer Under Section 107 of the Copyright Act 1976, allowance is made for ""fair use"" for purposes such as criticism, comment, news reporting, teaching, scholarship, and research. Fair use is a use permitted by copyright statute that might otherwise be infringing. Non-profit, educational, or personal use tips the balance in favor of fair use.","['Atomberg', 'Havells', 'Orient', 'Crompton']",4,Atomberg,True,positive,0.715,605.49
YouTube,geCm5sV93QI,Best ceiling Fan | BLDC Fan,"Best Smart Ceiling Fan in India 2025 | Top BLDC Ceiling Fan Brands.

**********************************
📱Our Social Accounts:

📷To Get Offers and Deals on Instagram
https://instagram.com/brand_investigation  

💬To Get Offers and Deals on WhatsApp Channel 
https://whatsapp.com/channel/0029Va9yNZuKrWQyQdeazW23

🔥To Get Offers and Deals on Telegram Channel :
https://t.me/BrandInvestigation

***********************************

For Business related queries. kindly contact us for further details
Email :  utubebrand@gmail.com

***************************
These Rankings, Reviews, Analyses, views and opinions expressed in this video are not meant to hurt any individual & Organizations. we cannot held liable in such situations.
This channel content of the product exposed from Amazon Affiliate Program, Impact, Shareasale etc..
DISCLAIMER: I get commissions for purchases made through links that are given in this video description. Video content is based on my research and hard work.

Note: The following Content of Comparison is based on customer reviews and experiences, gathered from online reviews and ratings.
It's advisable to do research and compare products from different brands to find the best fit for you.",Brand Investigation,2025-08-19T13:33:29Z,84192.0,344,4.0,https://youtube.com/watch?v=geCm5sV93QI,,,,,,,,,,,,smart fan,"Best ceiling Fan | BLDC Fan Best Smart Ceiling Fan in India 2025 | Top BLDC Ceiling Fan Brands.

**********************************
📱Our Social Accounts:

📷To Get Offers and Deals on Instagram
https://instagram.com/brand_investigation  

💬To Get Offers and Deals on WhatsApp Channel 
https://whatsapp.com/channel/0029Va9yNZuKrWQyQdeazW23

🔥To Get Offers and Deals on Telegram Channel :
https://t.me/BrandInvestigation

***********************************

For Business related queries. kindly contact us for further details
Email :  utubebrand@gmail.com

***************************
These Rankings, Reviews, Analyses, views and opinions expressed in this video are not meant to hurt any individual & Organizations. we cannot held liable in such situations.
This channel content of the product exposed from Amazon Affiliate Program, Impact, Shareasale etc..
DISCLAIMER: I get commissions for purchases made through links that are given in this video description. Video content is based on my research and hard work.

Note: The following Content of Comparison is based on customer reviews and experiences, gathered from online reviews and ratings.
It's advisable to do research and compare products from different brands to find the best fit for you.",[],0,Generic,False,positive,0.245,436.192
YouTube,l07D582RcY0,Xiaomi Smart Standing Fan 2 cleaning & disassembly #xiaomi #smartfan #tablefan #mi,,The Tech Star Shahrukh,2025-10-09T12:30:23Z,16665.0,451,4.0,https://youtube.com/watch?v=l07D582RcY0,,,,,,,,,,,,smart fan,Xiaomi Smart Standing Fan 2 cleaning & disassembly #xiaomi #smartfan #tablefan #mi nan,[],0,Generic,False,positive,0.214,475.665
YouTube,UhdpN73HxcU,"Low profile, compact ceiling fan review! Perfect fan for a room with bunk beds, bathroom, kitchen",,East Coast DIY,2023-06-08T04:16:06Z,282106.0,5171,141.0,https://youtube.com/watch?v=UhdpN73HxcU,,,,,,,,,,,,smart fan,"Low profile, compact ceiling fan review! Perfect fan for a room with bunk beds, bathroom, kitchen nan",[],0,Generic,False,positive,0.5,5735.106
YouTube,RP3lTwigRb0,Atomberg Studio Nexus 1200mm BLDC Ceiling Fan with & Remote Control 5-star New Blade Design #sorts,"Atomberg Studio Nexus 1200mm BLDC Ceiling Fan | IoT Smart Remote | 5 Star Energy Saving Fan | New Blade Design #ytshorts #homelighting #sorts #homedecor #youtubesorts #diy 
#electricalwork #lightingideas #ceilingfan 

---

📝 Description:

Experience the future of cooling with the Atomberg Studio Nexus 1200mm BLDC Ceiling Fan — powered by IoT technology and designed for smart living.
This energy-efficient 5-star rated fan comes with a remote control, Wi-Fi connectivity, and a stylish new blade design for superior air delivery and modern aesthetics. Perfect for homes, offices, and smart interiors.

✨ Key Features:

1200mm BLDC motor for ultra-efficient performance

Smart IoT control (Wi-Fi, Alexa, Google Assistant support)

Premium design with new aerodynamic blades

Energy saving up to 65%

Remote control operation (speed, timer, boost mode)

Silent operation & high air delivery


📦 Product: Atomberg Studio Nexus 1200mm Smart BLDC Fan
📍 Category: Smart Ceiling Fan / IoT Fan / BLDC Fan
🎥 Watch the full fitting and demo in this video!


---

🔑 Keywords:

Atomberg Studio Nexus fan, Atomberg BLDC ceiling fan, 1200mm smart ceiling fan, IoT ceiling fan India, energy saving fan, 5 star ceiling fan, Atomberg Nexus review, BLDC motor fan, smart home fan, remote control ceiling fan, Atomberg Studio Nexus features, Atomberg ceiling fan 2025


---

🔖 Hashtags:

#AtombergFan #BLDCFan #SmartFan #IoTFan #CeilingFan #EnergySavingFan #RemoteControlFan #HomeAppliances #AtombergStudioNexus #5StarFan #SmartHome #InteriorDesign #FanInstallation #ModernFan",Aj lights,2025-10-21T09:55:24Z,5059.0,37,7.0,https://youtube.com/watch?v=RP3lTwigRb0,,,,,,,,,,,,smart fan,"Atomberg Studio Nexus 1200mm BLDC Ceiling Fan with & Remote Control 5-star New Blade Design #sorts Atomberg Studio Nexus 1200mm BLDC Ceiling Fan | IoT Smart Remote | 5 Star Energy Saving Fan | New Blade Design #ytshorts #homelighting #sorts #homedecor #youtubesorts #diy 
#electricalwork #lightingideas #ceilingfan 

---

📝 Description:

Experience the future of cooling with the Atomberg Studio Nexus 1200mm BLDC Ceiling Fan — powered by IoT technology and designed for smart living.
This energy-efficient 5-star rated fan comes with a remote control, Wi-Fi connectivity, and a stylish new blade design for superior air delivery and modern aesthetics. Perfect for homes, offices, and smart interiors.

✨ Key Features:

1200mm BLDC motor for ultra-efficient performance

Smart IoT control (Wi-Fi, Alexa, Google Assistant support)

Premium design with new aerodynamic blades

Energy saving up to 65%

Remote control operation (speed, timer, boost mode)

Silent operation & high air delivery


📦 Product: Atomberg Studio Nexus 1200mm Smart BLDC Fan
📍 Category: Smart Ceiling Fan / IoT Fan / BLDC Fan
🎥 Watch the full fitting and demo in this video!


---

🔑 Keywords:

Atomberg Studio Nexus fan, Atomberg BLDC ceiling fan, 1200mm smart ceiling fan, IoT ceiling fan India, energy saving fan, 5 star ceiling fan, Atomberg Nexus review, BLDC motor fan, smart home fan, remote control ceiling fan, Atomberg Studio Nexus features, Atomberg ceiling fan 2025


---

🔖 Hashtags:

#AtombergFan #BLDCFan #SmartFan #IoTFan #CeilingFan #EnergySavingFan #RemoteControlFan #HomeAppliances #AtombergStudioNexus #5StarFan #SmartHome #InteriorDesign #FanInstallation #ModernFan",['Atomberg'],1,Atomberg,True,positive,0.196,56.059
YouTube,VOrnBVxSDvQ,Smart Ceiling Fan 🤔 #fansound #fan #shortvideo #shorts #viralvideo,Smart Ceiling Fan 🤔 #fansound #fan #shortvideo #shorts #viralvideo,Triangle Gamer,2024-11-07T05:04:06Z,4067741.0,13208,32.0,https://youtube.com/watch?v=VOrnBVxSDvQ,,,,,,,,,,,,smart fan,Smart Ceiling Fan 🤔 #fansound #fan #shortvideo #shorts #viralvideo Smart Ceiling Fan 🤔 #fansound #fan #shortvideo #shorts #viralvideo,[],0,Generic,False,positive,0.214,17339.741
YouTube,eUqNCj2T55I,Atomberg renesa smart plus 1200 mm ceiling fan pearl white unboxing #atomberg #atombergfan #renesa,,Gtfuturetechnology,2024-09-15T08:00:02Z,607985.0,2937,38.0,https://youtube.com/watch?v=eUqNCj2T55I,,,,,,,,,,,,smart fan,Atomberg renesa smart plus 1200 mm ceiling fan pearl white unboxing #atomberg #atombergfan #renesa nan,['Atomberg'],1,Atomberg,True,positive,0.107,3620.985
Twitter,,,,,,,0,,https://twitter.com/x/status/None,,unknown,0.0,0.0,0.0,,,,,,,smart fan,,[],0,Generic,False,neutral,0.0,0.0
Twitter,,,,,,,0,,https://twitter.com/x/status/None,,unknown,0.0,0.0,0.0,,,,,,,smart fan,,[],0,Generic,False,neutral,0.0,0.0
Twitter,,,,,,,0,,https://twitter.com/x/status/None,,unknown,0.0,0.0,0.0,,,,,,,smart fan,,[],0,Generic,False,neutral,0.0,0.0
Twitter,,,,,,,0,,https://twitter.com/x/status/None,,unknown,0.0,0.0,0.0,,,,,,,smart fan,,[],0,Generic,False,neutral,0.0,0.0
Twitter,,,,,,,0,,https://twitter.com/x/status/None,,unknown,0.0,0.0,0.0,,,,,,,smart fan,,[],0,Generic,False,neutral,0.0,0.0
Twitter,,,,,,,0,,https://twitter.com/x/status/None,,unknown,0.0,0.0,0.0,,,,,,,smart fan,,[],0,Generic,False,neutral,0.0,0.0
Twitter,,,,,,,0,,https://twitter.com/x/status/None,,unknown,0.0,0.0,0.0,,,,,,,smart fan,,[],0,Generic,False,neutral,0.0,0.0
Twitter,,,,,,,0,,https://twitter.com/x/status/None,,unknown,0.0,0.0,0.0,,,,,,,smart fan,,[],0,Generic,False,neutral,0.0,0.0
Twitter,,,,,,,0,,https://twitter.com/x/status/None,,unknown,0.0,0.0,0.0,,,,,,,smart fan,,[],0,Generic,False,neutral,0.0,0.0
Twitter,,,,,,,0,,https://twitter.com/x/status/None,,unknown,0.0,0.0,0.0,,,,,,,smart fan,,[],0,Generic,False,neutral,0.0,0.0
Instagram,3780899480842068099,,,,2025-12-05T12:39:22.000Z,,1,0.0,https://www.instagram.com/p/DR4dAu3DOCD/,,,,,,"💨✨ Control comfort at your fingertips.
Experience silent performance, smart efficiency, and premium design — all with Atomberg Fans from Aviraj Agencies.
Cooling that matches your lifestyle. ⚡

📞 Contact: 8007000100

[ Aviraj Agencies, Atomberg Fan, Smart Fan, BLDC Fan, Remote Control Fan, Energy Efficient Fan, Modern Home Appliances]

#AvirajAgencies #AtombergFan #SmartFan #BLDCFan #RemoteControlFan #StylishCooling #EnergyEfficient #ModernHomeLiving #FutureOfCooling #HomeAppliances",aviraj_agencies,Image,,,,smart fan,"💨✨ Control comfort at your fingertips.
Experience silent performance, smart efficiency, and premium design — all with Atomberg Fans from Aviraj Agencies.
Cooling that matches your lifestyle. ⚡

📞 Contact: 8007000100

[ Aviraj Agencies, Atomberg Fan, Smart Fan, BLDC Fan, Remote Control Fan, Energy Efficient Fan, Modern Home Appliances]

#AvirajAgencies #AtombergFan #SmartFan #BLDCFan #RemoteControlFan #StylishCooling #EnergyEfficient #ModernHomeLiving #FutureOfCooling #HomeAppliances",['Atomberg'],1,Atomberg,True,positive,0.106,1.0
Instagram,3780785128369346766,,,,2025-12-05T08:52:10.000Z,,1,1.0,https://www.instagram.com/p/DR4DAr0iNjO/,,,,,,"✨✨ Upgrade Your Space with the Bonelli 48"" Smart Ceiling Fan! ✨✨

Looking for a ceiling fan that blends modern design, powerful airflow, and smart home convenience? The Ultiem Smart Ceiling Fan is the perfect choice for bedrooms, living rooms, offices, and even covered outdoor spaces! 💨🏠✨🌿

With its sleek low-profile design 🤍, the Ultiem fits beautifully in low-ceiling rooms while delivering strong, quiet performance. The 3 aerodynamic blades 🪵🌀 create smooth and efficient airflow, powered by a ",carrousainc,Image,,,,smart fan,"✨✨ Upgrade Your Space with the Bonelli 48"" Smart Ceiling Fan! ✨✨

Looking for a ceiling fan that blends modern design, powerful airflow, and smart home convenience? The Ultiem Smart Ceiling Fan is the perfect choice for bedrooms, living rooms, offices, and even covered outdoor spaces! 💨🏠✨🌿

With its sleek low-profile design 🤍, the Ultiem fits beautifully in low-ceiling rooms while delivering strong, quiet performance. The 3 aerodynamic blades 🪵🌀 create smooth and efficient airflow, powered by a ",[],0,Generic,False,positive,0.388,3.0
Instagram,3780742707321284957,,,,2025-12-05T07:27:53.000Z,,0,0.0,https://www.instagram.com/p/DR35XYJCKld/,,,,,,"Why let seasonal changes affect your electricity bill when Aerflo keeps it steady, smooth, and smart?
Stay warm, stay efficient, and let Aerflo make every season a low-cost season. ❄️⚡✨

#Aerflo #BLDCFan #EnergySaving #WinterComfort #LowWattFan #SmartFan #HomeEfficiency #PowerSaver #EnergySmartLiving #ModernHomes #WinterVibes #SaveEnergySaveMoney #AllSeasonFan #SustainableLiving #EcoFriendlyHome

[BLDC fan, energy saving fan, low power consumption, smart fan, Aerflo fan, winter savings, efficien",aerflotech,Image,,,,smart fan,"Why let seasonal changes affect your electricity bill when Aerflo keeps it steady, smooth, and smart?
Stay warm, stay efficient, and let Aerflo make every season a low-cost season. ❄️⚡✨

#Aerflo #BLDCFan #EnergySaving #WinterComfort #LowWattFan #SmartFan #HomeEfficiency #PowerSaver #EnergySmartLiving #ModernHomes #WinterVibes #SaveEnergySaveMoney #AllSeasonFan #SustainableLiving #EcoFriendlyHome

[BLDC fan, energy saving fan, low power consumption, smart fan, Aerflo fan, winter savings, efficien",[],0,Generic,False,positive,0.266,0.0
Instagram,3779259020617349693,,,,2025-12-03T06:20:05.000Z,,1,0.0,https://www.instagram.com/p/DRyoA5OFno9/,,,,,,"Hey friends! 👋 Check out this gorgeous new fan I found — the Ascender 52″ Low-Profile Smart Ceiling Fan. It’s ideal for both indoor spaces and covered outdoor areas (like patios or screened porches) 🏡🌧️✨

This fan isn’t just about airflow — it’s about smart comfort, modern design, and effortless convenience.

✅ Why Ascender Is a Must-Have — Features & Benefits

📲 Total Smart Control — Control it with the remote, smartphone app, or voice (works with Alexa, Google Home, and Siri Shortcuts). So whe",carrousainc,Image,,,,smart fan,"Hey friends! 👋 Check out this gorgeous new fan I found — the Ascender 52″ Low-Profile Smart Ceiling Fan. It’s ideal for both indoor spaces and covered outdoor areas (like patios or screened porches) 🏡🌧️✨

This fan isn’t just about airflow — it’s about smart comfort, modern design, and effortless convenience.

✅ Why Ascender Is a Must-Have — Features & Benefits

📲 Total Smart Control — Control it with the remote, smartphone app, or voice (works with Alexa, Google Home, and Siri Shortcuts). So whe",[],0,Generic,False,positive,0.275,1.0
Instagram,3778931600948507274,,,,2025-12-02T19:29:33.000Z,,3,0.0,https://www.instagram.com/p/DRxdkT5CLKK/,,,,,,"Plug it in and turn hot days into cool moments.
Smart design, easy to carry, and made for nonstop comfort.
Stay fresh — wherever life takes you.
✨ Foldable • Compact • Powerful Breeze
💰 ₹399 with FREE Delivery 🚚
📲 DM or WhatsApp - +91 9370520631
.
.
#foldablefan #minifan #deskfan #coolingfan #smartfan #staycool #summeressentials #homegadgets #travelessentials #dailyusegadget #techgadgets #cooltech #smartliving #affordableluxuary #madeforme #india #shopping #indiashopping #online #onlinedealsindi",backmine_official,Image,,,,smart fan,"Plug it in and turn hot days into cool moments.
Smart design, easy to carry, and made for nonstop comfort.
Stay fresh — wherever life takes you.
✨ Foldable • Compact • Powerful Breeze
💰 ₹399 with FREE Delivery 🚚
📲 DM or WhatsApp - +91 9370520631
.
.
#foldablefan #minifan #deskfan #coolingfan #smartfan #staycool #summeressentials #homegadgets #travelessentials #dailyusegadget #techgadgets #cooltech #smartliving #affordableluxuary #madeforme #india #shopping #indiashopping #online #onlinedealsindi",[],0,Generic,False,positive,0.321,3.0
Instagram,3778554481446074442,,,,2025-12-02T07:00:17.000Z,,4,0.0,https://www.instagram.com/p/DRwH0f_DbhK/,,,,,,"Power up your comfort all year round.
Bring lasting comfort and style home with the Arlec Chicago 120cm Ceiling Fan. Designed with UV-stabilised ABS blades, a durable 50W reversible motor, and clipper light fitting, it's perfect for everyday spaces. Enjoy easy 3-speed wall control and dependable performance, season after season.

https://www.arlec.com.au/

#ceilingfan #smartfan #dcmotor #homedecor #arlec #powerupyourhomewitharlec #bunnings #australia #newzealand",arlec_australia,Image,,,,smart fan,"Power up your comfort all year round.
Bring lasting comfort and style home with the Arlec Chicago 120cm Ceiling Fan. Designed with UV-stabilised ABS blades, a durable 50W reversible motor, and clipper light fitting, it's perfect for everyday spaces. Enjoy easy 3-speed wall control and dependable performance, season after season.

https://www.arlec.com.au/

#ceilingfan #smartfan #dcmotor #homedecor #arlec #powerupyourhomewitharlec #bunnings #australia #newzealand",[],0,Generic,False,positive,0.292,4.0
Google,https://www.amazon.in/truTRTL-Smart-Ceiling-High-Speed-Warranty/dp/B0CZ799T5H,Buy truTRTL Smart Ceiling Fan | 1200 mm (48 inch),"The colour and the finishing of the fan looks good. Less noisy , good functionality. Decent size . Premium quality in a decent budget. Will update my review ...",https:,,0.0,0,0.0,https://www.amazon.in/truTRTL-Smart-Ceiling-High-Speed-Warranty/dp/B0CZ799T5H,,,,,,,,,https://www.amazon.in › truTRTL-Smart-Ceiling-High-...,0.0,smart fan review India,smart fan,,[],0,Generic,False,neutral,0.0,0.0
Google,https://www.reddit.com/r/Kerala/comments/1kecrii/any_bldc_fan_users_share_your_experiences/,Any BLDC fan users? Share your experiences : r/Kerala,"Yes, BLDC fans are good and energy-saving. One downside (maybe it's just me): I turn them off during lightning storms since they have a higher chance of ...",Reddit › r,,0.0,0,0.0,https://www.reddit.com/r/Kerala/comments/1kecrii/any_bldc_fan_users_share_your_experiences/,,,,,,,,,Reddit › r/Kerala,0.0,smart fan review India,smart fan,,[],0,Generic,False,neutral,0.0,0.0
Google,https://tech.hindustantimes.com/home-appliances/news/5-best-bldc-fans-with-remote-control-alexa-under-rs-15-000-for-your-smart-home-atomberg-orient-havells-and-more-71719477594442.html,"5 best BLDC fans with remote control, Alexa under ₹ ...","Smart Fan with Noiseless Operation (Marble White), 4.1/5, ₹ 7,999. Havells 1200mm Crista Underlight BLDC Ceiling Fan | Remote Controlled, Smart ...",https:,,0.0,0,0.0,https://tech.hindustantimes.com/home-appliances/news/5-best-bldc-fans-with-remote-control-alexa-under-rs-15-000-for-your-smart-home-atomberg-orient-havells-and-more-71719477594442.html,,,,,,,,,https://tech.hindustantimes.com › ... › News,0.0,smart fan review India,smart fan,,[],0,Generic,False,neutral,0.0,0.0
Google,https://www.editorji.com/tech-news/gadget-review/ecolink-airoelevate-bldc-ceiling-fan-review-finally-a-fan-that-s-as-smart-as-it-looks-1745834174650,EcoLink AiroElevate BLDC Ceiling Fan Review,"The EcoLink AiroElevate BLDC ceiling fan blends stylish design, silent high-performance airflow, smart remote features, and energy efficiency",https:,,0.0,0,0.0,https://www.editorji.com/tech-news/gadget-review/ecolink-airoelevate-bldc-ceiling-fan-review-finally-a-fan-that-s-as-smart-as-it-looks-1745834174650,,,,,,,,,https://www.editorji.com › tech news › gadget review,0.0,smart fan review India,smart fan,,[],0,Generic,False,neutral,0.0,0.0
Google,https://technofino.in/community/threads/whats-the-review-of-bldc-ceiling-fans-any-recommendations.21221/,What's the review of BLDC ceiling fans? Any ...,Recently came across the BLDC category that is better for energy efficiency. While normal fan consumes 75W they only use 30W for the same ...,https:,,0.0,0,0.0,https://technofino.in/community/threads/whats-the-review-of-bldc-ceiling-fans-any-recommendations.21221/,,,,,,,,,https://technofino.in › community › threads › whats-the...,0.0,smart fan review India,smart fan,,[],0,Generic,False,neutral,0.0,0.0
Google,https://betterhomeapp.com/blogs/articles/superfan-super-myq-smart-bldc-fan-review-is-this-the-smartest-ceiling-fan-for-indian-homes?srsltid=AfmBOoq9loL8XFcpP3D0zZbMfkK4byEUv0FxZ5zX-1V8w2tT4beohfnE,Superfan Super myQ Smart BLDC Fan Review,"Thanks to its precise electronic control and smart BLDC motor, the fan offers ultra-quiet operation—ideal for bedrooms, study rooms, and offices ...",https:,,0.0,0,0.0,https://betterhomeapp.com/blogs/articles/superfan-super-myq-smart-bldc-fan-review-is-this-the-smartest-ceiling-fan-for-indian-homes?srsltid=AfmBOoq9loL8XFcpP3D0zZbMfkK4byEUv0FxZ5zX-1V8w2tT4beohfnE,,,,,,,,,https://betterhomeapp.com › blogs › articles › superfan-...,0.0,smart fan review India,smart fan,,[],0,Generic,False,neutral,0.0,0.0
Google,https://www.youtube.com/watch?v=NDKD-B_i3mg,Best Ceiling Fans 2025 | BLDC Fans,Mega comparison of over 50 BLDC Ceiling Fans. *Amazon buying links below*   All top recommended ceiling fans https://amzn.to/4bMNptr ...,YouTube › The Grapevine,,0.0,0,0.0,https://www.youtube.com/watch?v=NDKD-B_i3mg,,,,,,,,,YouTube › The Grapevine,0.0,smart fan review India,smart fan,,[],0,Generic,False,neutral,0.0,0.0
Google,https://www.pcmag.com/picks/the-best-smart-fans,The Best Smart Fans for 2025,"The Dreo CLF521S is the best smart ceiling fan we've tested, offering powerful airflow plus adjustable LED lighting and Amazon Alexa and Google ...",https:,,0.0,0,0.0,https://www.pcmag.com/picks/the-best-smart-fans,,,,,,,,,https://www.pcmag.com › Best Products › Smart Home,0.0,smart fan best brands,smart fan,,[],0,Generic,False,neutral,0.0,0.0
Google,https://www.nytimes.com/wirecutter/reviews/best-fan/,The 6 Best Fans of 2025 | Reviews by Wirecutter,"The Vornado 630 Medium Air Circulator is a simple, powerful, and reliable fan that can move huge amounts of air without making too much noise.",https:,,0.0,0,0.0,https://www.nytimes.com/wirecutter/reviews/best-fan/,,,,,,,,,https://www.nytimes.com › ... › Small home appliances,0.0,smart fan best brands,smart fan,,[],0,Generic,False,neutral,0.0,0.0
Google,https://www.techgearlab.com/topics/home/best-fan,10 Best Fans of 2025 | Tested & Rated - Tech Gear Lab,"Our favorite tower fan is the Dreo Cruiser Pro T1. It performed well across the board, producing a powerful airflow while keeping the noise down.",https:,,0.0,0,0.0,https://www.techgearlab.com/topics/home/best-fan,,,,,,,,,https://www.techgearlab.com › topics › home › best-fan,0.0,smart fan best brands,smart fan,,[],0,Generic,False,neutral,0.0,0.0
Google,https://www.bestbuy.ca/en-ca/shop/appliances/smart-fan,Smart Fan,Stay cool with the latest smart fans at Best Buy Canada. Shop now for innovative features like voice control and remote access!,https:,,0.0,0,0.0,https://www.bestbuy.ca/en-ca/shop/appliances/smart-fan,,,,,,,,,https://www.bestbuy.ca › en-ca › shop › appliances › s...,0.0,smart fan best brands,smart fan,,[],0,Generic,False,neutral,0.0,0.0
Google,https://www.reddit.com/r/smarthome/comments/1f7kaab/best_smart_ceiling_fan/,Best smart ceiling fan? : r/smarthome,I have a 3yr old and a 2yr old Carro Smart ceiling fans and rarely have any connection issues. The newer one has better LED lights and is quieter.,Reddit › r,,0.0,0,0.0,https://www.reddit.com/r/smarthome/comments/1f7kaab/best_smart_ceiling_fan/,,,,,,,,,Reddit › r/smarthome,0.0,smart fan best brands,smart fan,,[],0,Generic,False,neutral,0.0,0.0
Google,https://lightscanada.ca/collections/smart-ceiling-fans?srsltid=AfmBOorGLu-GS2FekR_1IRJK18gF6O81CpfmLzBuj6hDEnk1aEe8wuLG,Smart Ceiling Fans,"Upgrade with smart Wi-Fi ceiling fans for ultimate convenience. Control via app, energy-saving features. Free shipping for orders over $99. Buy today!",https:,,0.0,0,0.0,https://lightscanada.ca/collections/smart-ceiling-fans?srsltid=AfmBOorGLu-GS2FekR_1IRJK18gF6O81CpfmLzBuj6hDEnk1aEe8wuLG,,,,,,,,,https://lightscanada.ca › collections › smart-ceiling-fans,0.0,smart fan best brands,smart fan,,[],0,Generic,False,neutral,0.0,0.0
Google,https://www.bhg.com/home-improvement/electrical/best-ceiling-fans/,"The 7 Best Ceiling Fans of 2025, Tested by BHG",Top Picks ; Best Overall: · Honeywell Carmel Indoor Ceiling Fan at Amazon · $120 ; Best Budget: Better Homes & Gardens 44 Inch Indoor Ceiling Fan at ...,https:,,0.0,0,0.0,https://www.bhg.com/home-improvement/electrical/best-ceiling-fans/,,,,,,,,,https://www.bhg.com › ... › Fixture Reviews,0.0,smart fan best brands,smart fan,,[],0,Generic,False,neutral,0.0,0.0
Google,https://www.hunterfan.com/collections/ceiling-fans?srsltid=AfmBOorCI7iB9KBuVAf-ornRFkA9cMPwVmY5_IvLOCKYu2_CETaeibzK,Best Ceiling Fan | Hunter Fan Company,"Smart Fan - HunterSMART™ · HunterExpress® · TrueLight™. Why Hunter. We design the best running, best looking ceiling fans around. And around and around. - John ...",https:,,0.0,0,0.0,https://www.hunterfan.com/collections/ceiling-fans?srsltid=AfmBOorCI7iB9KBuVAf-ornRFkA9cMPwVmY5_IvLOCKYu2_CETaeibzK,,,,,,,,,https://www.hunterfan.com › collections › ceiling-fans,0.0,smart fan best brands,smart fan,,[],0,Generic,False,neutral,0.0,0.0
Google,https://www.techradar.com/best/best-fans,"The best fans 2025: top pedestal, tower and desk fans","The best fan we've tested overall is the Shark FlexBreeze. It's ultra-versatile – it can be used corded or cordless, indoors or outside, and converts from ...",https:,,0.0,0,0.0,https://www.techradar.com/best/best-fans,,,,,,,,,https://www.techradar.com › ... › Air Quality,0.0,smart fan best brands,smart fan,,[],0,Generic,False,neutral,0.0,0.0
Google,https://www.hunterfan.com/collections/smart-ceiling-fans?srsltid=AfmBOoqouhTlo7Roy3RnLy5FaTd-Qs2TekkpeEDq7UWSZSyX19ZELfx4,Smart Ceiling Fans,"Control lights, fan speed, and direction directly from your smart devices with SIMPLEconnect® smart ceiling fans from Hunter and a Wi-Fi® connection.",https:,,0.0,0,0.0,https://www.hunterfan.com/collections/smart-ceiling-fans?srsltid=AfmBOoqouhTlo7Roy3RnLy5FaTd-Qs2TekkpeEDq7UWSZSyX19ZELfx4,,,,,,,,,https://www.hunterfan.com › collections › smart-ceiling-...,0.0,buy smart fan,smart fan,,[],0,Generic,False,neutral,0.0,0.0
Google,https://parrotuncle.com/collections/smart-fan?srsltid=AfmBOoqKNO1ushZ-NgGEhZh7YfDBW3X4Z5wZ2vFauM10CwvHrHVJkCFT,"Smart Fan , Best Smart Ceiling Fans Store","Parrot Uncle's smart ceiling fans offer a seamless combination of modern elegance and advanced functionality, making them an ideal choice for upgrading your ...",https:,,0.0,0,0.0,https://parrotuncle.com/collections/smart-fan?srsltid=AfmBOoqKNO1ushZ-NgGEhZh7YfDBW3X4Z5wZ2vFauM10CwvHrHVJkCFT,,,,,,,,,https://parrotuncle.com › collections › smart-fan,0.0,buy smart fan,smart fan,,[],0,Generic,False,neutral,0.0,0.0
Google,https://www.amazon.com/Outdoor-3-Blade-Compatible-Ceiling-Assistant/dp/B0848GQGGY,Clean Indoor/Outdoor 3-Blade Smart Compatible Ceiling ...,"FEATURES: The WAC Smart Fan iOS or Android app can sync with your ceiling fan to control fan speed, use smart features like breeze mode, adaptive learning, ...",https:,,0.0,0,0.0,https://www.amazon.com/Outdoor-3-Blade-Compatible-Ceiling-Assistant/dp/B0848GQGGY,,,,,,,,,https://www.amazon.com › Outdoor-3-Blade-Compatibl...,0.0,buy smart fan,smart fan,,[],0,Generic,False,neutral,0.0,0.0
Google,https://www.homedepot.com/b/Smart-Home-Smart-Ceiling-Fans/N-5yc1vZccuu,Smart Ceiling Fans,Get free shipping on qualified Smart Ceiling Fans products or Buy Online Pick Up in Store today in the Smart Home Department.,https:,,0.0,0,0.0,https://www.homedepot.com/b/Smart-Home-Smart-Ceiling-Fans/N-5yc1vZccuu,,,,,,,,,https://www.homedepot.com › Smart Home,0.0,buy smart fan,smart fan,,[],0,Generic,False,neutral,0.0,0.0
Google,https://www.progresslightingexperts.com/lighting/7-196-826-0-1211531/Progress_AirPro---2-Inch-Smart-Fan-Wifi-Module-Full-Voice-Control-P2673-01.htm?srsltid=AfmBOoogX1R8FnJOe8GrfAF9ZC1oS0yDWy3cDEmehC04Szd_F_uK12v9,AirPro - 2 Inch Smart Fan Wifi Module Full Voice Control,Use the AirPro Wifi Module to control your ceiling fan with your smartphone and other smart devices such as Amazon Alexa and Google Home.,https:,,0.0,0,0.0,https://www.progresslightingexperts.com/lighting/7-196-826-0-1211531/Progress_AirPro---2-Inch-Smart-Fan-Wifi-Module-Full-Voice-Control-P2673-01.htm?srsltid=AfmBOoogX1R8FnJOe8GrfAF9ZC1oS0yDWy3cDEmehC04Szd_F_uK12v9,,,,,,,,,https://www.progresslightingexperts.com › lighting › Pr...,0.0,buy smart fan,smart fan,,[],0,Generic,False,neutral,0.0,0.0
Google,https://www.bestbuy.com/site/smart-heating-cooling-air-quality/smart-fans/pcmcat1707937768212.c?id=pcmcat1707937768212,Smart Fans,Sofucor - Smart 52” Wood Flush Mount Ceiling Fans w/ Remote Quiet DC Motor Ultra Low Profile Ceiling Fan works with Alexa WIFI APP - White.,https:,,0.0,0,0.0,https://www.bestbuy.com/site/smart-heating-cooling-air-quality/smart-fans/pcmcat1707937768212.c?id=pcmcat1707937768212,,,,,,,,,https://www.bestbuy.com › site › pcmcat1707937768212,0.0,buy smart fan,smart fan,,[],0,Generic,False,neutral,0.0,0.0
Google,https://www.dreo.com/?srsltid=AfmBOoppw0J3FjShKx7PzZXFPPskjtth5CyeJICQAW3oyfGhsShBuXgO,DREO No.1 Household Fan Brand on Amazon U.S* Three ...,"Smart Tower Fan Pilot Max S. Smart Tower Fan Pilot Max S. 42'' , 27ft/s , 120 ... Sale price$169.99 USD Regular price. Shop Now · Shop Now · Smart Wall-mounted ...",https:,,0.0,0,0.0,https://www.dreo.com/?srsltid=AfmBOoppw0J3FjShKx7PzZXFPPskjtth5CyeJICQAW3oyfGhsShBuXgO,,,,,,,,,https://www.dreo.com,0.0,buy smart fan,smart fan,,[],0,Generic,False,neutral,0.0,0.0
Google,https://www.visualcomfort.com/us/c/smart-fans?srsltid=AfmBOooqjbY1qSJSgEyerA9g4huQgE-M8KOsoNTYyYa-pl38ct4pymlh,Smart Ceiling Fans with App Control | Visual Comfort & Co.,Upgrade to smart ceiling fans with app and voice control features for connected luxury living. Experience modern comfort from Visual Comfort.,https:,,0.0,0,0.0,https://www.visualcomfort.com/us/c/smart-fans?srsltid=AfmBOooqjbY1qSJSgEyerA9g4huQgE-M8KOsoNTYyYa-pl38ct4pymlh,,,,,,,,,https://www.visualcomfort.com › smart-fans,0.0,buy smart fan,smart fan,,[],0,Generic,False,neutral,0.0,0.0
YouTube,nVPNjae59-s,Atomberg Rensa Plus BLDC Fan #gadgetshorts  #shorts,"Atomberg Rensa Plus BLDC Fan #gadgetshorts  #shorts 
atomberg Renesa+ 1200mm BLDC Motor 5 Star Rated Ceiling Fans for Home with Remote Control 
Buy Link: https://amzn.to/3K0Q5rd
https://fktr.in/21KipgH

#bldcfan #atomberg #rensaplus #atombergrensa #utpadunbox #smartfan",Utpad Unbox,2023-03-23T06:16:22Z,2896271.0,24556,201.0,https://youtube.com/watch?v=nVPNjae59-s,,,,,,,,,,,,BLDC fan,"Atomberg Rensa Plus BLDC Fan #gadgetshorts  #shorts Atomberg Rensa Plus BLDC Fan #gadgetshorts  #shorts 
atomberg Renesa+ 1200mm BLDC Motor 5 Star Rated Ceiling Fans for Home with Remote Control 
Buy Link: https://amzn.to/3K0Q5rd
https://fktr.in/21KipgH

#bldcfan #atomberg #rensaplus #atombergrensa #utpadunbox #smartfan",['Atomberg'],1,Atomberg,True,neutral,-0.1,27854.271
YouTube,wOvKxWUW-yc,Best BLDC Fan Under ₹2500 😳 Best BLDC Ceiling Fan in 2025 India 🔥Best Ceiling Fan ✅,,iGadz Unique,2025-02-24T13:50:18Z,666562.0,9606,182.0,https://youtube.com/watch?v=wOvKxWUW-yc,,,,,,,,,,,,BLDC fan,Best BLDC Fan Under ₹2500 😳 Best BLDC Ceiling Fan in 2025 India 🔥Best Ceiling Fan ✅ nan,[],0,Generic,False,positive,1.0,10636.562
YouTube,geCm5sV93QI,Best ceiling Fan | BLDC Fan,"Best Smart Ceiling Fan in India 2025 | Top BLDC Ceiling Fan Brands.

**********************************
📱Our Social Accounts:

📷To Get Offers and Deals on Instagram
https://instagram.com/brand_investigation  

💬To Get Offers and Deals on WhatsApp Channel 
https://whatsapp.com/channel/0029Va9yNZuKrWQyQdeazW23

🔥To Get Offers and Deals on Telegram Channel :
https://t.me/BrandInvestigation

***********************************

For Business related queries. kindly contact us for further details
Email :  utubebrand@gmail.com

***************************
These Rankings, Reviews, Analyses, views and opinions expressed in this video are not meant to hurt any individual & Organizations. we cannot held liable in such situations.
This channel content of the product exposed from Amazon Affiliate Program, Impact, Shareasale etc..
DISCLAIMER: I get commissions for purchases made through links that are given in this video description. Video content is based on my research and hard work.

Note: The following Content of Comparison is based on customer reviews and experiences, gathered from online reviews and ratings.
It's advisable to do research and compare products from different brands to find the best fit for you.",Brand Investigation,2025-08-19T13:33:29Z,84192.0,344,4.0,https://youtube.com/watch?v=geCm5sV93QI,,,,,,,,,,,,BLDC fan,"Best ceiling Fan | BLDC Fan Best Smart Ceiling Fan in India 2025 | Top BLDC Ceiling Fan Brands.

**********************************
📱Our Social Accounts:

📷To Get Offers and Deals on Instagram
https://instagram.com/brand_investigation  

💬To Get Offers and Deals on WhatsApp Channel 
https://whatsapp.com/channel/0029Va9yNZuKrWQyQdeazW23

🔥To Get Offers and Deals on Telegram Channel :
https://t.me/BrandInvestigation

***********************************

For Business related queries. kindly contact us for further details
Email :  utubebrand@gmail.com

***************************
These Rankings, Reviews, Analyses, views and opinions expressed in this video are not meant to hurt any individual & Organizations. we cannot held liable in such situations.
This channel content of the product exposed from Amazon Affiliate Program, Impact, Shareasale etc..
DISCLAIMER: I get commissions for purchases made through links that are given in this video description. Video content is based on my research and hard work.

Note: The following Content of Comparison is based on customer reviews and experiences, gathered from online reviews and ratings.
It's advisable to do research and compare products from different brands to find the best fit for you.",[],0,Generic,False,positive,0.245,436.192
YouTube,TES_KUo50Bo,BLDC fan unit consumption for 24 hours..,,Engineering Facts,2024-09-27T13:22:56Z,3811449.0,137479,524.0,https://youtube.com/watch?v=TES_KUo50Bo,,,,,,,,,,,,BLDC fan,BLDC fan unit consumption for 24 hours.. nan,[],0,Generic,False,neutral,0.0,142338.449
YouTube,AnTkrnuVICo,LUKER BLDC FAN MEGA OFFER'S DAY #homedecor #mega #trending #viral #electric #kerala #electrician,"#2023#interiordesign #2023shorts#smartphone#electric #design#homedecor#trending#trending #viral #kerala #changanacherry #electrician #kottayam ##mpm_editz..#goldmedalelectricals  #electric #electricianlife #2023 #vlog #trending #electrician medal #electric #2023 #2023shorts #2023shorts #goldmedalelectricals #goldmedal #changanacherry #kottayam #kerala #viral #viralreels #viralshort #viralvideo #viralvideos  @STKEDITZ   @johna.j239   @anupamaseb   @apimalayalam   @shijopabraham  @goldmedalelectricals #gold #trend #lifelonglearning #life #erning #eraningapp #vlog4@ZoomPlanet#goldmedalelectricals  #electric #electricianlife #2023 #vlog #trending #electrician medal #electric #2023 #2023shorts #2023shorts #goldmedalelectricals #goldmedal #changanacherry #kottayam #kerala #viral #viralreels #viralshort #viralvideo #viralvideos  @STKEDITZ   @johna.j239   @anupamaseb   @apimalayalam   @shijopabraham  @goldmedalelectricals #gold #trend #lifelonglearning #life #erning #eraningapp #vlog4@ZoomPlanet#goldmadel #shorts #viral #trending #switch #lights  #shopping#facts💯 #fact #factsdaily #resturants #food #youtuber
#youtubechannel #foodvlogger #youtube
YouTube channel:https://youtu.be/lAuqYoO7ou0?si=cZHJnDt0SC0CUGpG
#vlog #2023 #changanacherry #evening #kuzhimanthi #foodblogger #food #evening #foodies #foodies #foodphotography #foodlover #food#trending #viral #viralvideo #viralshort #viralreels #restaurant #kerala #keralafood #keralagram #foodvlog #foodntravel #dailyvlog #malayalamvlog #love #changanacherry #kottayam#royal #photography #reels #trending #shorts2023#trending #music #dance #comedy #viral #entertainment #extravagant #fancy #luxury #2023",NELLU TRADERS,2024-05-17T14:29:39Z,13383.0,0,2.0,https://youtube.com/watch?v=AnTkrnuVICo,,,,,,,,,,,,BLDC fan,"LUKER BLDC FAN MEGA OFFER'S DAY #homedecor #mega #trending #viral #electric #kerala #electrician #2023#interiordesign #2023shorts#smartphone#electric #design#homedecor#trending#trending #viral #kerala #changanacherry #electrician #kottayam ##mpm_editz..#goldmedalelectricals  #electric #electricianlife #2023 #vlog #trending #electrician medal #electric #2023 #2023shorts #2023shorts #goldmedalelectricals #goldmedal #changanacherry #kottayam #kerala #viral #viralreels #viralshort #viralvideo #viralvideos  @STKEDITZ   @johna.j239   @anupamaseb   @apimalayalam   @shijopabraham  @goldmedalelectricals #gold #trend #lifelonglearning #life #erning #eraningapp #vlog4@ZoomPlanet#goldmedalelectricals  #electric #electricianlife #2023 #vlog #trending #electrician medal #electric #2023 #2023shorts #2023shorts #goldmedalelectricals #goldmedal #changanacherry #kottayam #kerala #viral #viralreels #viralshort #viralvideo #viralvideos  @STKEDITZ   @johna.j239   @anupamaseb   @apimalayalam   @shijopabraham  @goldmedalelectricals #gold #trend #lifelonglearning #life #erning #eraningapp #vlog4@ZoomPlanet#goldmadel #shorts #viral #trending #switch #lights  #shopping#facts💯 #fact #factsdaily #resturants #food #youtuber
#youtubechannel #foodvlogger #youtube
YouTube channel:https://youtu.be/lAuqYoO7ou0?si=cZHJnDt0SC0CUGpG
#vlog #2023 #changanacherry #evening #kuzhimanthi #foodblogger #food #evening #foodies #foodies #foodphotography #foodlover #food#trending #viral #viralvideo #viralshort #viralreels #restaurant #kerala #keralafood #keralagram #foodvlog #foodntravel #dailyvlog #malayalamvlog #love #changanacherry #kottayam#royal #photography #reels #trending #shorts2023#trending #music #dance #comedy #viral #entertainment #extravagant #fancy #luxury #2023",[],0,Generic,False,positive,0.5,17.383000000000003
YouTube,k5ff7kky9fQ,How to Convert Crompton Parkinson Ceiling Fan to BLDC Fan 🤩#ceilingfan #kipasmurah,,Electro Demolish,2025-03-15T13:57:36Z,8601432.0,32322,123.0,https://youtube.com/watch?v=k5ff7kky9fQ,,,,,,,,,,,,BLDC fan,How to Convert Crompton Parkinson Ceiling Fan to BLDC Fan 🤩#ceilingfan #kipasmurah nan,['Crompton'],1,Crompton,False,neutral,0.0,41169.432
YouTube,3A_VA_LzwkY,bldc motor driver | #bldcfan #bldcqsmotor #fans #trending #shorts #youtubeshorts #shortsfeed,"bldc motor driver | #bldcfan #bldcqsmotor #fans #trending #shorts #youtubeshorts #shortsfeed 
Havells 1200mm ELIO Underlight BLDC Ceiling Fan | Remote Controlled, High Air Delivery Fan, 5 Star Rated | Upto 60% Energy Saving
Buy On Amazon https://amzn.to/4649oLB
Friends Thank You For Watching The Full Video. Friends To Watch This Video Subscribe To Head Power India And Press The Bell Icon
bldc motor
What is BLDC Fan and how it works
bldc motor controller
bldc motor fan
bldc motor driver
bldc motor controller hall sensor
bldc motor 24v
bldc motor with hall sensor
bldc motor 5v
bldc motor mount
bldc motor kit
bldc fans ceiling 1200mm
bldc fans ceiling 1400mm 5 star rating
bldc motor
bldc ceiling fan 1200mm 5 star
bldc pedestal fan
bldc table fan
bldc cooler
bldc wall fan
bldc exhaust fan
bldc stand fan
bldc motor
bldc motor fan
bldc motor for cooler
bldc motor kit
bldc motor cooler
bldc fan kit board converter kit
bldc fan kit board converter kit ac 230v
bldc fan kit board converter kit 499
bldc fan full kit board converter kit
atomberg bldc fan kit board converter kit
bldc stand fan kit board converter kit
ltm bldc fan kit board converter kit
bldc motor controller
bldc motor chimney for kitchen
bldc motor cooler for home
bldc motor ceiling fan
bldc motor 12v
bldc fan kit board converter kit
bldc fan kit board
bldc fan conversion kit
bldc fan kit board convert
bldc ceiling fan with led light
bldc ceiling fan with led light 1400 mm
usha bldc ceiling fan with led light
orient bldc ceiling fan with led light
havells bldc ceiling fan with led light 1200mm 5 star
longway bldc ceiling fan with led light
bldc ceiling fan 1200mm 5 star with led light
crompton bldc ceiling fan with led light
atomberg bldc ceiling fan with led light
havells remote bldc ceiling fan with led light
#viralvideo
#shorts
#ytshorts
#youtubeshorts
#funny
#icecream
#comedy
#tools
#diy
#powertools
#shortvideo
#shortvideos
#shortvideoviral
#shortvideoyoutube
#shortvideostatus
#shortvideoformat
#shortvideoviralkaisekare
#shortvideocomedy
Instagram
https://www.instagram.com/hamidul143f/

Facebook
https://www.facebook.com/HeadPowerIND?mibextid=ZbWKwL

Twitter
https://mobile.twitter.com/Hamidul45879965

LinkedIn
https://www.linkedin.com/mwlite/in/head-power-india-06117a201",Head Power India,2025-06-22T04:56:17Z,333976.0,1800,6.0,https://youtube.com/watch?v=3A_VA_LzwkY,,,,,,,,,,,,BLDC fan,"bldc motor driver | #bldcfan #bldcqsmotor #fans #trending #shorts #youtubeshorts #shortsfeed bldc motor driver | #bldcfan #bldcqsmotor #fans #trending #shorts #youtubeshorts #shortsfeed 
Havells 1200mm ELIO Underlight BLDC Ceiling Fan | Remote Controlled, High Air Delivery Fan, 5 Star Rated | Upto 60% Energy Saving
Buy On Amazon https://amzn.to/4649oLB
Friends Thank You For Watching The Full Video. Friends To Watch This Video Subscribe To Head Power India And Press The Bell Icon
bldc motor
What is BLDC Fan and how it works
bldc motor controller
bldc motor fan
bldc motor driver
bldc motor controller hall sensor
bldc motor 24v
bldc motor with hall sensor
bldc motor 5v
bldc motor mount
bldc motor kit
bldc fans ceiling 1200mm
bldc fans ceiling 1400mm 5 star rating
bldc motor
bldc ceiling fan 1200mm 5 star
bldc pedestal fan
bldc table fan
bldc cooler
bldc wall fan
bldc exhaust fan
bldc stand fan
bldc motor
bldc motor fan
bldc motor for cooler
bldc motor kit
bldc motor cooler
bldc fan kit board converter kit
bldc fan kit board converter kit ac 230v
bldc fan kit board converter kit 499
bldc fan full kit board converter kit
atomberg bldc fan kit board converter kit
bldc stand fan kit board converter kit
ltm bldc fan kit board converter kit
bldc motor controller
bldc motor chimney for kitchen
bldc motor cooler for home
bldc motor ceiling fan
bldc motor 12v
bldc fan kit board converter kit
bldc fan kit board
bldc fan conversion kit
bldc fan kit board convert
bldc ceiling fan with led light
bldc ceiling fan with led light 1400 mm
usha bldc ceiling fan with led light
orient bldc ceiling fan with led light
havells bldc ceiling fan with led light 1200mm 5 star
longway bldc ceiling fan with led light
bldc ceiling fan 1200mm 5 star with led light
crompton bldc ceiling fan with led light
atomberg bldc ceiling fan with led light
havells remote bldc ceiling fan with led light
#viralvideo
#shorts
#ytshorts
#youtubeshorts
#funny
#icecream
#comedy
#tools
#diy
#powertools
#shortvideo
#shortvideos
#shortvideoviral
#shortvideoyoutube
#shortvideostatus
#shortvideoformat
#shortvideoviralkaisekare
#shortvideocomedy
Instagram
https://www.instagram.com/hamidul143f/

Facebook
https://www.facebook.com/HeadPowerIND?mibextid=ZbWKwL

Twitter
https://mobile.twitter.com/Hamidul45879965

LinkedIn
https://www.linkedin.com/mwlite/in/head-power-india-06117a201","['Atomberg', 'Havells', 'Orient', 'Crompton', 'Usha']",5,Atomberg,True,positive,0.307,2145.976
YouTube,9KDnZMuZzkg,BLDC fan comparison 🔥🔥 #shortsindia #bldcfan,,imrankerofficial,2024-09-19T07:08:06Z,1108229.0,19974,140.0,https://youtube.com/watch?v=9KDnZMuZzkg,,,,,,,,,,,,BLDC fan,BLDC fan comparison 🔥🔥 #shortsindia #bldcfan nan,[],0,Generic,False,neutral,0.0,21362.229
YouTube,VIeK7Bq-hnM,Best BLDC Ceiling Fan in India 2025 | Best BLDC Fan Under 4000,"best bldc fan under 4000 , best bldc fan under 3500 , best 5 star ceiling fans in India , best bldc ceiling fan in India 2025

Search  🔍 "" Best BLDC Fan SumitYPF "" for More Informative Videos

😎 Important Videos👇🏻
▶ Ceiling Fan Playlist😎: https://bit.ly/EtaFan

▶ Detailed Videos👇🏻

✅ Best SILENT Ceiling Fan: https://youtu.be/x86EZhUO-9o
✅ Best BLDC Fan Under 3000 to 5000: https://youtu.be/pZoPSuMFPII

🔗  Links
📄 Blog Page  ( Updated List with Product Overview and Decision-Making Statement )
✅ Best Ceiling Fans: https://bit.ly/BestCeilingFans

🟡 Best BLDC Fan Under 4500

○ Atomberg Renesa Elite Smart (Free Installation): https://aip.urlgeni.us/https://amzn.to/4jAScS3
○ Orient Electric Aeon: https://aip.urlgeni.us/https://amzn.to/4dqrwPR

🟡 Best BLDC Fan Under 4000

○ Atomberg Renesa Halo Smart: https://aip.urlgeni.us/https://amzn.to/3EGnYxM
○ Atomberg Renesa Elite (Free Installation): https://aip.urlgeni.us/https://amzn.to/4lUmNvj
○ Havells Elio: https://aip.urlgeni.us/https://amzn.to/3RBX9hx
○ Crompton Energion Niteo: https://aip.urlgeni.us/https://amzn.to/43Cl5Yx
○ Crompton Energion Regmote: https://aip.urlgeni.us/https://amzn.to/43TeQ18

🟡 Best BLDC Fan Under 3500

○ Polycab Wizzy Neo LED: https://aip.urlgeni.us/https://amzn.to/3HwuAjk
○ Aatomberg Renesa Enzel: https://aip.urlgeni.us/https://amzn.to/3HxFJjW
○ Crompton Energion Niteo: https://aip.urlgeni.us/https://amzn.to/43Cl5Yx
○ Havells Ambrose: https://aip.urlgeni.us/https://amzn.to/3ZrYv2iL

🟡 Best BLDC Fan Under 3000

○ Atomberg Efficio Alpha: https://aip.urlgeni.us/https://amzn.to/44betAk
○ Orient Electric Zeno: https://aip.urlgeni.us/https://amzn.to/3z7y5Z8
○ Crompton Energion Nucleoid : https://aip.urlgeni.us/https://amzn.to/4dT9tDL
○ Polycab Wizzy Neo: https://aip.urlgeni.us/https://amzn.to/3HCeKDH

🟡 Best BLDC Fan Under 2500

○ Crompton Energion Hyperjet: https://aip.urlgeni.us/https://amzn.to/4csF5yg
○ Atomberg Ameza: https://aip.urlgeni.us/https://amzn.to/4kT3DoL
○ Orient Uno: https://aip.urlgeni.us/https://amzn.to/4nfby1b
○ V Guard Windle Deco: https://aip.urlgeni.us/https://amzn.to/3T1hvB9

🛍️Best Hand-Picked Products
✅ Best Televisions: https://bit.ly/TVsBest
✅ Best Air Conditioners: https://bit.ly/BestAirCon
✅ Best Water Purifiers: https://bit.ly/PurifierWater 
✅ Best Ceiling Fans: https://bit.ly/BestCeilingFans
✅ Best Geysers: https://bit.ly/WaterGeyser 
✅ Best AC Stabilizers:  https://bit.ly/AcStabilizers
✅ Best Laptops: https://bit.ly/LaptopsBest

⏲  TIMESTAMPS

📍  Points Covered 

polycab wizzy neo
best bldc ceiling fan in India 2025
best bldc fan under 4500
best bldc ceiling fan
bldc ceiling fan price in India
top 5 bldc ceiling fan
best ceiling fan under 3500
best ceiling fan
best bldc fan
best bldc fan 2025
best bldc fan 2025 in India
best bldc fan under 3500
top bldc fan in India
best bldc fan under 5000
best smart fan
best smart fan under 4000
best silent fan
best silent ceiling fan in India
Best BLDC Fan under 3500
Best Fan under 4000
best Fan

👉🏻  Credits
Background Music: 
YouTube Audio Library: World Map - Jason Farnham

⚠️Disclaimer: https://bit.ly/DisclaimerPolicy

HASH Tags
#BLDC #BldcFan #PremiumFan #CeilingFan #SilentFan",SumitYPF,2025-06-10T05:00:29Z,71800.0,342,53.0,https://youtube.com/watch?v=VIeK7Bq-hnM,,,,,,,,,,,,BLDC fan,"Best BLDC Ceiling Fan in India 2025 | Best BLDC Fan Under 4000 best bldc fan under 4000 , best bldc fan under 3500 , best 5 star ceiling fans in India , best bldc ceiling fan in India 2025

Search  🔍 "" Best BLDC Fan SumitYPF "" for More Informative Videos

😎 Important Videos👇🏻
▶ Ceiling Fan Playlist😎: https://bit.ly/EtaFan

▶ Detailed Videos👇🏻

✅ Best SILENT Ceiling Fan: https://youtu.be/x86EZhUO-9o
✅ Best BLDC Fan Under 3000 to 5000: https://youtu.be/pZoPSuMFPII

🔗  Links
📄 Blog Page  ( Updated List with Product Overview and Decision-Making Statement )
✅ Best Ceiling Fans: https://bit.ly/BestCeilingFans

🟡 Best BLDC Fan Under 4500

○ Atomberg Renesa Elite Smart (Free Installation): https://aip.urlgeni.us/https://amzn.to/4jAScS3
○ Orient Electric Aeon: https://aip.urlgeni.us/https://amzn.to/4dqrwPR

🟡 Best BLDC Fan Under 4000

○ Atomberg Renesa Halo Smart: https://aip.urlgeni.us/https://amzn.to/3EGnYxM
○ Atomberg Renesa Elite (Free Installation): https://aip.urlgeni.us/https://amzn.to/4lUmNvj
○ Havells Elio: https://aip.urlgeni.us/https://amzn.to/3RBX9hx
○ Crompton Energion Niteo: https://aip.urlgeni.us/https://amzn.to/43Cl5Yx
○ Crompton Energion Regmote: https://aip.urlgeni.us/https://amzn.to/43TeQ18

🟡 Best BLDC Fan Under 3500

○ Polycab Wizzy Neo LED: https://aip.urlgeni.us/https://amzn.to/3HwuAjk
○ Aatomberg Renesa Enzel: https://aip.urlgeni.us/https://amzn.to/3HxFJjW
○ Crompton Energion Niteo: https://aip.urlgeni.us/https://amzn.to/43Cl5Yx
○ Havells Ambrose: https://aip.urlgeni.us/https://amzn.to/3ZrYv2iL

🟡 Best BLDC Fan Under 3000

○ Atomberg Efficio Alpha: https://aip.urlgeni.us/https://amzn.to/44betAk
○ Orient Electric Zeno: https://aip.urlgeni.us/https://amzn.to/3z7y5Z8
○ Crompton Energion Nucleoid : https://aip.urlgeni.us/https://amzn.to/4dT9tDL
○ Polycab Wizzy Neo: https://aip.urlgeni.us/https://amzn.to/3HCeKDH

🟡 Best BLDC Fan Under 2500

○ Crompton Energion Hyperjet: https://aip.urlgeni.us/https://amzn.to/4csF5yg
○ Atomberg Ameza: https://aip.urlgeni.us/https://amzn.to/4kT3DoL
○ Orient Uno: https://aip.urlgeni.us/https://amzn.to/4nfby1b
○ V Guard Windle Deco: https://aip.urlgeni.us/https://amzn.to/3T1hvB9

🛍️Best Hand-Picked Products
✅ Best Televisions: https://bit.ly/TVsBest
✅ Best Air Conditioners: https://bit.ly/BestAirCon
✅ Best Water Purifiers: https://bit.ly/PurifierWater 
✅ Best Ceiling Fans: https://bit.ly/BestCeilingFans
✅ Best Geysers: https://bit.ly/WaterGeyser 
✅ Best AC Stabilizers:  https://bit.ly/AcStabilizers
✅ Best Laptops: https://bit.ly/LaptopsBest

⏲  TIMESTAMPS

📍  Points Covered 

polycab wizzy neo
best bldc ceiling fan in India 2025
best bldc fan under 4500
best bldc ceiling fan
bldc ceiling fan price in India
top 5 bldc ceiling fan
best ceiling fan under 3500
best ceiling fan
best bldc fan
best bldc fan 2025
best bldc fan 2025 in India
best bldc fan under 3500
top bldc fan in India
best bldc fan under 5000
best smart fan
best smart fan under 4000
best silent fan
best silent ceiling fan in India
Best BLDC Fan under 3500
Best Fan under 4000
best Fan

👉🏻  Credits
Background Music: 
YouTube Audio Library: World Map - Jason Farnham

⚠️Disclaimer: https://bit.ly/DisclaimerPolicy

HASH Tags
#BLDC #BldcFan #PremiumFan #CeilingFan #SilentFan","['Atomberg', 'Havells', 'Orient', 'Crompton', 'Polycab']",5,Atomberg,True,positive,0.811,519.8
YouTube,3UjLYCW8UM4,BLDC வாங்குறது worth-ஆ?,"My Studio products: https://amzn.to/49teYp5
My Amazon profile: https://amzn.to/3vyGSlI
Follow me on:
Facebook : https://www.facebook.com/buyingfacts
Instagram: https://www.instagram.com/syedimran.ef
Twitter: https://twitter.com/Eng_Facts_Tamil
----------------------------------------------------------------------------------------------------------------------
Contact Info:
query.ef@gmail.com

#buyingfacts #buyingfactstamil",Buying Facts,2025-06-28T13:06:45Z,2130631.0,91344,601.0,https://youtube.com/watch?v=3UjLYCW8UM4,,,,,,,,,,,,BLDC fan,"BLDC வாங்குறது worth-ஆ? My Studio products: https://amzn.to/49teYp5
My Amazon profile: https://amzn.to/3vyGSlI
Follow me on:
Facebook : https://www.facebook.com/buyingfacts
Instagram: https://www.instagram.com/syedimran.ef
Twitter: https://twitter.com/Eng_Facts_Tamil
----------------------------------------------------------------------------------------------------------------------
Contact Info:
query.ef@gmail.com

#buyingfacts #buyingfactstamil",[],0,Generic,False,neutral,0.0,94676.631
YouTube,19J80oQzFwQ,BLDC ceiling fan 🔌 connection #ceilingfan #bldcfan #wiring #diy,#googlesearch #automobile #ceilingfan #mpmallick #ceilingfanrepair #diy #trendingvideo #hindi #urdu #english #wiring #wireman #electronic #electrician #electrical #youtubeshorts #ytshortsvideo #viralvideo #viral_shorts #trrending #trend,MPmallick,2025-04-22T04:49:06Z,744396.0,0,0.0,https://youtube.com/watch?v=19J80oQzFwQ,,,,,,,,,,,,BLDC fan,BLDC ceiling fan 🔌 connection #ceilingfan #bldcfan #wiring #diy #googlesearch #automobile #ceilingfan #mpmallick #ceilingfanrepair #diy #trendingvideo #hindi #urdu #english #wiring #wireman #electronic #electrician #electrical #youtubeshorts #ytshortsvideo #viralvideo #viral_shorts #trrending #trend,[],0,Generic,False,neutral,0.0,744.3960000000001
YouTube,NDKD-B_i3mg,Best Ceiling Fans 2025 | BLDC Fans,"Mega comparison of over 50 BLDC Ceiling Fans. 👆*Amazon buying links below*👇

👆All top recommended ceiling fans https://amzn.to/4bMNptr

*⚡⚡ BEST BLDC Ceiling Fans in INDIA⚡⚡*
✅ Best BLDC Fan below 3000
- Option 1 Activa https://amzn.to/4blSO9v
- Option 2 Atomberg https://amzn.to/41HJ47K or https://amzn.to/3UpG4I3
✅ Best BLDC Fan below 4000
- Option 1 Atomberg https://amzn.to/3UGwWQO or Smart fan https://amzn.to/3Qorkb5
- Option 2 Polycab Wizzy Neo https://amzn.to/41htMEZ
✅ Best Performance BLDC Fan
- Option 1 Polycab https://amzn.to/4kkinx9
- Option 2 Atomberg https://amzn.to/4ic0DC4
- Option 3 Orient Electric https://amzn.to/43lbPs2

*⚡⚡ All Grapevine Recommended Products⚡⚡* https://amzn.to/3s2CuJL


Consider *SUBSCRIBING* to the channel if you would like to support me to make videos that are *SUPER USEFUL* for you.  You'd make my day 😁

*⚡⚡ IN THIS VIDEO⚡⚡*
00:00 What Size of fan to buy
00:37  BLDC vs Non BLDC
01:45 Buying guide for BLDC fans
05:16 Best BLDC fan under 3000
06:32 Best BLDC fan under 4000
07:20 Best premium BLDC fan

*Connect with me* @ https://www.instagram.com/thegrapevineindia/ 

Disclaimer: Some of the links are affiliate links, which means if you use it to buy something, it will support me to make more such videos and I get a small incentive at no extra cost to you 😊
#thegrapevineindia

*Video Summary*
Looking for the best BLDC ceiling fan in 2025? This video compares BLDC vs normal fans, helping you find the most energy-efficient ceiling fan with the best air delivery and low power consumption. We analyze budget and premium options, including Atomberg, Polycab, Orient Electric, Crompton, Superfan, Activa. Find out which smart ceiling fan is best for your home.

*Products compared*
Activa Gracia BLDC Ceiling Fan, Havells Glaze BLDC Fan, Atomberg Ameza BLDC Ceiling Fan, Atomberg Efficio Alpha BLDC Fan, Havells Ambrose Slim BLDC Ceiling Fan, Activa Energia BLDC Fan, Orient Electric Ujala Prime BLDC Ceiling Fan, Polycab Silencio Mini BLDC Fan, Orient Electric I Tome Pro BLDC Ceiling Fan, Atomberg Ikano BLDC Fan, Polycab Wizzy Neo BLDC Ceiling Fan, Atomberg Renesa Prime BLDC Fan, Atomberg Efficio BLDC Ceiling Fan, Atomberg Renesa Enzel BLDC Fan, Havells Artemis BLDC Ceiling Fan, Havells Ambrose BLDC Fan, Superfan SuperX1 BLDC Ceiling Fan, Atomberg Renesa BLDC Fan, Superfan X1 BLDC Ceiling Fan, Havells Elio BLDC Fan, Atomberg Renesa Smart BLDC Ceiling Fan, Havells Efficiencia Neo BLDC Fan, V-Guard Exado Pro BLDC Ceiling Fan, Superfan Carbon BLDC Fan, Superfan SuperA1 BLDC Ceiling Fan, Superfan A1 BLDC Fan, Atomberg Renesa+ BLDC Ceiling Fan, Orient Electric Aeon BLDC Fan, Atomberg Renesa Smart+ BLDC Ceiling Fan, Atomberg Studio+ BLDC Fan, V-Guard INSIGHT-G BLDC Ceiling Fan, Atomberg Studio Smart+ BLDC Fan, Polycab Silencio Cruiser BLDC Ceiling Fan, Atomberg Aris Contour BLDC Fan, Orient Electric I Tome Plus BLDC Ceiling Fan, NNEX Dryft BLDC Fan, Orient Electric Aerosense BLDC Ceiling Fan.",The Grapevine,2025-03-15T05:30:08Z,244604.0,2439,200.0,https://youtube.com/watch?v=NDKD-B_i3mg,,,,,,,,,,,,BLDC fan,"Best Ceiling Fans 2025 | BLDC Fans Mega comparison of over 50 BLDC Ceiling Fans. 👆*Amazon buying links below*👇

👆All top recommended ceiling fans https://amzn.to/4bMNptr

*⚡⚡ BEST BLDC Ceiling Fans in INDIA⚡⚡*
✅ Best BLDC Fan below 3000
- Option 1 Activa https://amzn.to/4blSO9v
- Option 2 Atomberg https://amzn.to/41HJ47K or https://amzn.to/3UpG4I3
✅ Best BLDC Fan below 4000
- Option 1 Atomberg https://amzn.to/3UGwWQO or Smart fan https://amzn.to/3Qorkb5
- Option 2 Polycab Wizzy Neo https://amzn.to/41htMEZ
✅ Best Performance BLDC Fan
- Option 1 Polycab https://amzn.to/4kkinx9
- Option 2 Atomberg https://amzn.to/4ic0DC4
- Option 3 Orient Electric https://amzn.to/43lbPs2

*⚡⚡ All Grapevine Recommended Products⚡⚡* https://amzn.to/3s2CuJL


Consider *SUBSCRIBING* to the channel if you would like to support me to make videos that are *SUPER USEFUL* for you.  You'd make my day 😁

*⚡⚡ IN THIS VIDEO⚡⚡*
00:00 What Size of fan to buy
00:37  BLDC vs Non BLDC
01:45 Buying guide for BLDC fans
05:16 Best BLDC fan under 3000
06:32 Best BLDC fan under 4000
07:20 Best premium BLDC fan

*Connect with me* @ https://www.instagram.com/thegrapevineindia/ 

Disclaimer: Some of the links are affiliate links, which means if you use it to buy something, it will support me to make more such videos and I get a small incentive at no extra cost to you 😊
#thegrapevineindia

*Video Summary*
Looking for the best BLDC ceiling fan in 2025? This video compares BLDC vs normal fans, helping you find the most energy-efficient ceiling fan with the best air delivery and low power consumption. We analyze budget and premium options, including Atomberg, Polycab, Orient Electric, Crompton, Superfan, Activa. Find out which smart ceiling fan is best for your home.

*Products compared*
Activa Gracia BLDC Ceiling Fan, Havells Glaze BLDC Fan, Atomberg Ameza BLDC Ceiling Fan, Atomberg Efficio Alpha BLDC Fan, Havells Ambrose Slim BLDC Ceiling Fan, Activa Energia BLDC Fan, Orient Electric Ujala Prime BLDC Ceiling Fan, Polycab Silencio Mini BLDC Fan, Orient Electric I Tome Pro BLDC Ceiling Fan, Atomberg Ikano BLDC Fan, Polycab Wizzy Neo BLDC Ceiling Fan, Atomberg Renesa Prime BLDC Fan, Atomberg Efficio BLDC Ceiling Fan, Atomberg Renesa Enzel BLDC Fan, Havells Artemis BLDC Ceiling Fan, Havells Ambrose BLDC Fan, Superfan SuperX1 BLDC Ceiling Fan, Atomberg Renesa BLDC Fan, Superfan X1 BLDC Ceiling Fan, Havells Elio BLDC Fan, Atomberg Renesa Smart BLDC Ceiling Fan, Havells Efficiencia Neo BLDC Fan, V-Guard Exado Pro BLDC Ceiling Fan, Superfan Carbon BLDC Fan, Superfan SuperA1 BLDC Ceiling Fan, Superfan A1 BLDC Fan, Atomberg Renesa+ BLDC Ceiling Fan, Orient Electric Aeon BLDC Fan, Atomberg Renesa Smart+ BLDC Ceiling Fan, Atomberg Studio+ BLDC Fan, V-Guard INSIGHT-G BLDC Ceiling Fan, Atomberg Studio Smart+ BLDC Fan, Polycab Silencio Cruiser BLDC Ceiling Fan, Atomberg Aris Contour BLDC Fan, Orient Electric I Tome Plus BLDC Ceiling Fan, NNEX Dryft BLDC Fan, Orient Electric Aerosense BLDC Ceiling Fan.","['Atomberg', 'Havells', 'Orient', 'Crompton', 'Superfan', 'Polycab']",6,Atomberg,True,positive,0.542,3083.604
YouTube,vp5mqP-BaBQ,Normal Fan vs BLDC Fan | Detailed Comparison ⚡️ 2023 ⚡️ English,"In this video, We have done a detailed comparison of Why you should buy a BLDC Ceiling fan over a Normal Ceiling fan, and also we have done a power consumption test and Air delivery test on both BLDC Fan and Normal Fan.

 Best BLDC Ceiling Fans in India 2022 - https://youtu.be/mEiTc9W-nqw 

---------------------------------------------------------------------------------------------

Our Filming Gear:
🎥 Camera 1 - https://amzn.to/3CdqEOS
🎥 Camera 2 - https://amzn.to/3WFj9sm
🎤 Mic - https://amzn.to/3hYyrcB
🔭 Tripod - https://amzn.to/3IdvyPA
💡 Studio Lights - https://amzn.to/3Q1N9fv
🔭 Light Stand - https://amzn.to/3VBDTzC
🔇 Soundproofing Panels - https://amzn.to/3I9WeRr

---------------------------------------------------------------------------------------------

DISCLAIMER: Whatever we have spoken in this video is our honest opinion. We are not with or against any brand. We judge a product on the basis of its merit. None of the brands/products mentioned is sponsored unless explicitly mentioned.

For Business Related Queries or Suggestions or Complaints
Contact - hello@simpleghar.com

#ceilingFan #fans #bldcfan #Summer2022 #CeilingFan #bestceilingfan #bldcceilingfan",SimpleGhar Hindi,2022-04-14T14:15:10Z,67772.0,1016,75.0,https://youtube.com/watch?v=vp5mqP-BaBQ,,,,,,,,,,,,BLDC fan,"Normal Fan vs BLDC Fan | Detailed Comparison ⚡️ 2023 ⚡️ English In this video, We have done a detailed comparison of Why you should buy a BLDC Ceiling fan over a Normal Ceiling fan, and also we have done a power consumption test and Air delivery test on both BLDC Fan and Normal Fan.

 Best BLDC Ceiling Fans in India 2022 - https://youtu.be/mEiTc9W-nqw 

---------------------------------------------------------------------------------------------

Our Filming Gear:
🎥 Camera 1 - https://amzn.to/3CdqEOS
🎥 Camera 2 - https://amzn.to/3WFj9sm
🎤 Mic - https://amzn.to/3hYyrcB
🔭 Tripod - https://amzn.to/3IdvyPA
💡 Studio Lights - https://amzn.to/3Q1N9fv
🔭 Light Stand - https://amzn.to/3VBDTzC
🔇 Soundproofing Panels - https://amzn.to/3I9WeRr

---------------------------------------------------------------------------------------------

DISCLAIMER: Whatever we have spoken in this video is our honest opinion. We are not with or against any brand. We judge a product on the basis of its merit. None of the brands/products mentioned is sponsored unless explicitly mentioned.

For Business Related Queries or Suggestions or Complaints
Contact - hello@simpleghar.com

#ceilingFan #fans #bldcfan #Summer2022 #CeilingFan #bestceilingfan #bldcceilingfan",[],0,Generic,False,positive,0.325,1233.772
YouTube,0XZcX5-CBJ0,BLDC Celling Fan Mein Regulator use karna chahie ya nahin  #shorts #bldcfan,"BLDC Celling Fan  Mein Regulator use 
karna chahie ya nahin

#shorts 
#allofmistrishorts 
#bldcfan 
#fancapacitor 
#bldcceilingfan 
#homegadgets 
#smarthome 
#faninstallation
#subscribe 
#subscribers 
#subscribemychannel",All of Mistri Shorts,2025-10-12T13:04:21Z,222967.0,2081,12.0,https://youtube.com/watch?v=0XZcX5-CBJ0,,,,,,,,,,,,BLDC fan,"BLDC Celling Fan Mein Regulator use karna chahie ya nahin  #shorts #bldcfan BLDC Celling Fan  Mein Regulator use 
karna chahie ya nahin

#shorts 
#allofmistrishorts 
#bldcfan 
#fancapacitor 
#bldcceilingfan 
#homegadgets 
#smarthome 
#faninstallation
#subscribe 
#subscribers 
#subscribemychannel",[],0,Generic,False,neutral,0.0,2327.967
YouTube,QlmUYtn21Qk,polycab BLDC ceiling fan quick installation #bldcfan #ceilingfan,#googlesearch #mpmallick #automobile #subscribemychannel #electronic #viralvideo #electrical #trendingvideo #lifehacks #ceilingfan #indian #diy #homeappliances #kitchenappliance #hindi #urdu #english,MPmallick,2025-04-17T06:11:20Z,325652.0,0,0.0,https://youtube.com/watch?v=QlmUYtn21Qk,,,,,,,,,,,,BLDC fan,polycab BLDC ceiling fan quick installation #bldcfan #ceilingfan #googlesearch #mpmallick #automobile #subscribemychannel #electronic #viralvideo #electrical #trendingvideo #lifehacks #ceilingfan #indian #diy #homeappliances #kitchenappliance #hindi #urdu #english,['Polycab'],1,Polycab,False,positive,0.167,325.652
YouTube,w4jLWRNjXpo,BLDC VS Normal Fan,"We build futuristic gadgets, eco-friendly innovations, and DIY tech experiments that spark curiosity and imagination. If you're a brand, startup, or company looking to collaborate, sponsor, or partner with us — we’d love to hear from you!

📩 Business Contact:   hackeromindia@gmail.com
📍 Location: India
🎥 Shorts | Experiments | Science | Gadgets | DIY

🌐 Connect with Hacker Om:

👉 YouTube:     youtube.com/@HackerOm
👉 Instagram:  instagram.com/Ythackerom
👉 Facebook:    facebook.com/Hackerom1
👉 Twitter (X):   https://x.com/ythackerom
👉 Website:   www.hackerom.com

Let’s create something amazing together",Hacker Om,2025-08-06T14:51:25Z,1067570.0,42781,332.0,https://youtube.com/watch?v=w4jLWRNjXpo,,,,,,,,,,,,BLDC fan,"BLDC VS Normal Fan We build futuristic gadgets, eco-friendly innovations, and DIY tech experiments that spark curiosity and imagination. If you're a brand, startup, or company looking to collaborate, sponsor, or partner with us — we’d love to hear from you!

📩 Business Contact:   hackeromindia@gmail.com
📍 Location: India
🎥 Shorts | Experiments | Science | Gadgets | DIY

🌐 Connect with Hacker Om:

👉 YouTube:     youtube.com/@HackerOm
👉 Instagram:  instagram.com/Ythackerom
👉 Facebook:    facebook.com/Hackerom1
👉 Twitter (X):   https://x.com/ythackerom
👉 Website:   www.hackerom.com

Let’s create something amazing together",[],0,Generic,False,positive,0.458,44512.57
YouTube,nXMqjajagEE,"India’s First BLDC Fan SuperFan | Energy Efficient, Durable & Proudly Indian 🇮🇳 – Buy SuperFan! #fyp","Join this channel to get access to perks:
https://www.youtube.com/channel/UCgfeKYGaAMAgaITBNGQ18sA/join
#Superfan #BLDCfan #DiscoCeilingFan #CeilingFanTransformation #FanExperiment #EnergyEfficient #IndianInnovation #CreativeFanSetup #LEDfan #MadeInIndia #SmartFan #FanWithStyle #ElectroDemolishsuperfan
#disco fan
#bldc fan
#smart ceiling fan
#fan modification
#diy fan light
#color changing fan
#indian ceiling fan
#how to make disco fan
#led fan lights
#viral fan experiment
#fan turns into disco
#superfan india
#fan hack
#16 million colour lights
#electro demolish
#fan transformation
#smart home india
#bldc vs normal fan
#best fan for home 2025
#eco friendly fan
#ceiling fan trick
#indian youtuber viral
#youtube shorts viral 2025#SuperFan #DiscoFan #BLDCfan #ElectroDemolish #SmartFan #FanTransformation  
#DIYFan #IndianFanHack #MadeInIndia #CeilingFan #FanExperiment #EcoFriendlyFan  
#ViralVideo #YouTubeShorts #ViralShorts #HomeUpgrade #TechHack",Electro Demolish,2025-07-10T07:51:10Z,1859660.0,7710,103.0,https://youtube.com/watch?v=nXMqjajagEE,,,,,,,,,,,,BLDC fan,"India’s First BLDC Fan SuperFan | Energy Efficient, Durable & Proudly Indian 🇮🇳 – Buy SuperFan! #fyp Join this channel to get access to perks:
https://www.youtube.com/channel/UCgfeKYGaAMAgaITBNGQ18sA/join
#Superfan #BLDCfan #DiscoCeilingFan #CeilingFanTransformation #FanExperiment #EnergyEfficient #IndianInnovation #CreativeFanSetup #LEDfan #MadeInIndia #SmartFan #FanWithStyle #ElectroDemolishsuperfan
#disco fan
#bldc fan
#smart ceiling fan
#fan modification
#diy fan light
#color changing fan
#indian ceiling fan
#how to make disco fan
#led fan lights
#viral fan experiment
#fan turns into disco
#superfan india
#fan hack
#16 million colour lights
#electro demolish
#fan transformation
#smart home india
#bldc vs normal fan
#best fan for home 2025
#eco friendly fan
#ceiling fan trick
#indian youtuber viral
#youtube shorts viral 2025#SuperFan #DiscoFan #BLDCfan #ElectroDemolish #SmartFan #FanTransformation  
#DIYFan #IndianFanHack #MadeInIndia #CeilingFan #FanExperiment #EcoFriendlyFan  
#ViralVideo #YouTubeShorts #ViralShorts #HomeUpgrade #TechHack",['Superfan'],1,Superfan,False,positive,0.45,9775.66
YouTube,QAYhWY270MM,Watch Before you Buy A New Best BLDC Fan in 2024,"📞🟩 Free Call Consultation: https://bit.ly/SumitYPFConsult

😎 Important Videos👇🏻
▶ Ceiling Fan Playlist😎: https://bit.ly/EtaFan
OR 
Search  🔍 "" Best BLDC Fan SumitYPF "" for More Informative Videos

▶ Detailed Videos👇🏻

✅ Best SILENT Ceiling Fan: https://youtu.be/x86EZhUO-9o
✅ Best BLDC Ceiling Fan: https://youtu.be/pZoPSuMFPII

🔗  Links
📄 Blog Page  ( Updated List with Product Overview and Decision Making Statement )
✅ Best Ceiling Fans: https://bit.ly/BestCeilingFans

✅ Best BLDC Fan Under 2500

🛒 Crompton Energion Hyperjet: https://fkrtt.it/c_d2Q4MWkyr1zpMbn
🛒 Havells Glaze: https://fkrtt.it/c_KTPydZWpQaj8bL4

✅ Best BLDC Fan Under 3000

🛒 Orient Electric Zeno: https://fkrtt.it/c_BnZg4Gc95YVASSW
🛒 Havells Ambrose Slim: https://fkrtt.it/c_yZv7z53NbqhFSH8

✅ Best BLDC Fan Under 3500

🛒 Polycab Silencio Mini: https://fkrtt.it/c_HC2Bhy7f12nwTSr
🛒 Polycab Wizzy Neo: https://fkrtt.it/c_7FyCqQP2PjRzzP4
🛒 Atomberg Renesa:  https://fkrtt.in/OP/bzsl8cn3bvj
🛒 Crompton Energion Cromair: hhttps://fkrtt.it/c_6ZXsddyg7zzDshT
🛒 Havells Ambrose : https://fkrtt.it/c_DNfLvjS86XS7Rv0

✅ Best BLDC Fan Under 4000

🛒 Atomberg Renesa Smart: https://fkrtt.it/c_b7DyssBJ5rs14GF
🛒 Havells Elio: https://fkrtt.it/c_jzP59tGcGXMCR4G

✅ Best BLDC Fan Under 4500

○ Atomberg Erica: https://fkrtt.it/c_C8hdjx0PPjgffnj
🛒 Atomberg Renesa Plus: https://fkrtt.it/c_QwQ2RnHrTKNfHYn
○ Crompton Energion Stylus:  https://fkrtt.it/c_NJ89ks6HHbFPQ67

✅ Best BLDC Fan Under 5000

○ Atomberg Erica Smart: https://fkrtt.it/c_p7HJm4wWTqGD7QV
○ Crompton Energion Cromair Plus: https://amzn.to/3TTEK0A

✅ Best BLDC Fan Under 5500

○ Atomberg Studio Smart+: https://fkrtt.it/c_GARbrNwCDVK7s4R
○ Atomberg Studio+: https://amzn.to/3zMx6ym
○ Atomberg Renesa Smart+: https://fkrtt.it/c_3J9Dnw2Jv9h2YVW

✅ Best Silent Ceiling Fan

🛒 Usha Heleous: https://fkrt.co/YWYwCg
🛒 Crompton Silent Pro Enso://fkrt.co/7Q0f04
🛒 Havells Stealth Air: https://fkrt.co/NFk04p
🛒 Atomberg Airs Starlight: https://fkrt.co/oRfwlU
🛒 Crompton Silent Pro Blossom: https://fkrt.co/y1YSxX
🛒 Orient Electric Aeroslim: https://fkrt.co/GBa41X


📌  Points Covered

est bldc ceiling fan in India 2024
best bldc ceiling fan in India
best bldc fan in India
best bldc fan under 3000
best bldc ceiling fan
bldc ceiling fan with remote
bldc ceiling fan price in India
top 5 bldc ceiling fan
best ceiling fan under 3000
best ceiling fan
best bldc fan
best bldc fan 2024
best bldc fan 2024 in India
best bldc fan under 3500
top bldc fan in India
top bldc fan in India
best bldc fan under 2500
best bldc fan under 2000

⚠️Disclaimer: https://bit.ly/DisclaimerPolicy

⏲  TIMESTAMPS

👉🏻  Credits
Background Music: 
YouTube Audio Library: World Map - Jason Farnham

HASH Tags
#BLDC #BldcFan #Fan #CeilingFan #Under3000 #2024",SumitYPF,2024-01-25T08:40:08Z,161916.0,1449,17.0,https://youtube.com/watch?v=QAYhWY270MM,,,,,,,,,,,,BLDC fan,"Watch Before you Buy A New Best BLDC Fan in 2024 📞🟩 Free Call Consultation: https://bit.ly/SumitYPFConsult

😎 Important Videos👇🏻
▶ Ceiling Fan Playlist😎: https://bit.ly/EtaFan
OR 
Search  🔍 "" Best BLDC Fan SumitYPF "" for More Informative Videos

▶ Detailed Videos👇🏻

✅ Best SILENT Ceiling Fan: https://youtu.be/x86EZhUO-9o
✅ Best BLDC Ceiling Fan: https://youtu.be/pZoPSuMFPII

🔗  Links
📄 Blog Page  ( Updated List with Product Overview and Decision Making Statement )
✅ Best Ceiling Fans: https://bit.ly/BestCeilingFans

✅ Best BLDC Fan Under 2500

🛒 Crompton Energion Hyperjet: https://fkrtt.it/c_d2Q4MWkyr1zpMbn
🛒 Havells Glaze: https://fkrtt.it/c_KTPydZWpQaj8bL4

✅ Best BLDC Fan Under 3000

🛒 Orient Electric Zeno: https://fkrtt.it/c_BnZg4Gc95YVASSW
🛒 Havells Ambrose Slim: https://fkrtt.it/c_yZv7z53NbqhFSH8

✅ Best BLDC Fan Under 3500

🛒 Polycab Silencio Mini: https://fkrtt.it/c_HC2Bhy7f12nwTSr
🛒 Polycab Wizzy Neo: https://fkrtt.it/c_7FyCqQP2PjRzzP4
🛒 Atomberg Renesa:  https://fkrtt.in/OP/bzsl8cn3bvj
🛒 Crompton Energion Cromair: hhttps://fkrtt.it/c_6ZXsddyg7zzDshT
🛒 Havells Ambrose : https://fkrtt.it/c_DNfLvjS86XS7Rv0

✅ Best BLDC Fan Under 4000

🛒 Atomberg Renesa Smart: https://fkrtt.it/c_b7DyssBJ5rs14GF
🛒 Havells Elio: https://fkrtt.it/c_jzP59tGcGXMCR4G

✅ Best BLDC Fan Under 4500

○ Atomberg Erica: https://fkrtt.it/c_C8hdjx0PPjgffnj
🛒 Atomberg Renesa Plus: https://fkrtt.it/c_QwQ2RnHrTKNfHYn
○ Crompton Energion Stylus:  https://fkrtt.it/c_NJ89ks6HHbFPQ67

✅ Best BLDC Fan Under 5000

○ Atomberg Erica Smart: https://fkrtt.it/c_p7HJm4wWTqGD7QV
○ Crompton Energion Cromair Plus: https://amzn.to/3TTEK0A

✅ Best BLDC Fan Under 5500

○ Atomberg Studio Smart+: https://fkrtt.it/c_GARbrNwCDVK7s4R
○ Atomberg Studio+: https://amzn.to/3zMx6ym
○ Atomberg Renesa Smart+: https://fkrtt.it/c_3J9Dnw2Jv9h2YVW

✅ Best Silent Ceiling Fan

🛒 Usha Heleous: https://fkrt.co/YWYwCg
🛒 Crompton Silent Pro Enso://fkrt.co/7Q0f04
🛒 Havells Stealth Air: https://fkrt.co/NFk04p
🛒 Atomberg Airs Starlight: https://fkrt.co/oRfwlU
🛒 Crompton Silent Pro Blossom: https://fkrt.co/y1YSxX
🛒 Orient Electric Aeroslim: https://fkrt.co/GBa41X


📌  Points Covered

est bldc ceiling fan in India 2024
best bldc ceiling fan in India
best bldc fan in India
best bldc fan under 3000
best bldc ceiling fan
bldc ceiling fan with remote
bldc ceiling fan price in India
top 5 bldc ceiling fan
best ceiling fan under 3000
best ceiling fan
best bldc fan
best bldc fan 2024
best bldc fan 2024 in India
best bldc fan under 3500
top bldc fan in India
top bldc fan in India
best bldc fan under 2500
best bldc fan under 2000

⚠️Disclaimer: https://bit.ly/DisclaimerPolicy

⏲  TIMESTAMPS

👉🏻  Credits
Background Music: 
YouTube Audio Library: World Map - Jason Farnham

HASH Tags
#BLDC #BldcFan #Fan #CeilingFan #Under3000 #2024","['Atomberg', 'Havells', 'Orient', 'Crompton', 'Usha', 'Polycab']",6,Atomberg,True,positive,0.693,1644.916
YouTube,a1nD84Z_rps,"""BLDC Fan Working Principle | Brushless DC Motor""","BLDC Fan Working Principle | Brushless DC Motor

In this video, we’ll explore the working principle of a BLDC (Brushless DC) Fan. You'll learn how a brushless DC motor powers the fan, how it differs from regular induction motors, and why it's more energy-efficient and long-lasting.

⚙️ Topics Covered:
– Internal structure of BLDC fans
– How brushless DC motors rotate without brushes
– Role of sensors and controllers
– Difference between BLDC fans and normal fans
– Power saving and smooth operation explained

This video is perfect for science and technology enthusiasts, engineering students, and anyone curious about modern energy-efficient fan technology.

👉 If you found this video helpful, don’t forget to Like, Share, and Subscribe.
👉 Comment below what you want to learn next!

#BLDCFan #BrushlessDCMotor #FanWorking #ScienceExplained #Tech #Engineering #HowItWorks #shorts",Digital Smart Idea,2025-07-11T04:58:55Z,351335.0,1287,13.0,https://youtube.com/watch?v=a1nD84Z_rps,,,,,,,,,,,,BLDC fan,"""BLDC Fan Working Principle | Brushless DC Motor"" BLDC Fan Working Principle | Brushless DC Motor

In this video, we’ll explore the working principle of a BLDC (Brushless DC) Fan. You'll learn how a brushless DC motor powers the fan, how it differs from regular induction motors, and why it's more energy-efficient and long-lasting.

⚙️ Topics Covered:
– Internal structure of BLDC fans
– How brushless DC motors rotate without brushes
– Role of sensors and controllers
– Difference between BLDC fans and normal fans
– Power saving and smooth operation explained

This video is perfect for science and technology enthusiasts, engineering students, and anyone curious about modern energy-efficient fan technology.

👉 If you found this video helpful, don’t forget to Like, Share, and Subscribe.
👉 Comment below what you want to learn next!

#BLDCFan #BrushlessDCMotor #FanWorking #ScienceExplained #Tech #Engineering #HowItWorks #shorts",[],0,Generic,False,positive,0.239,1664.335
YouTube,bKDxVC7uzzE,Vera Level Fan😍! - Best Fan for your house! - Havells Signia BLDC Fan Review!,@HavellsIndia Epic Signia BLDC+ Fan is 5-star rated! Buy now at https://havells.com/bldc-plus-fans  #LookUpToHavells,Geekytamizha,2025-03-29T13:55:32Z,102476.0,1348,17.0,https://youtube.com/watch?v=bKDxVC7uzzE,,,,,,,,,,,,BLDC fan,Vera Level Fan😍! - Best Fan for your house! - Havells Signia BLDC Fan Review! @HavellsIndia Epic Signia BLDC+ Fan is 5-star rated! Buy now at https://havells.com/bldc-plus-fans  #LookUpToHavells,['Havells'],1,Havells,False,positive,0.562,1484.476
Twitter,,,,,,,0,,https://twitter.com/x/status/None,,unknown,0.0,0.0,0.0,,,,,,,BLDC fan,,[],0,Generic,False,neutral,0.0,0.0
Twitter,,,,,,,0,,https://twitter.com/x/status/None,,unknown,0.0,0.0,0.0,,,,,,,BLDC fan,,[],0,Generic,False,neutral,0.0,0.0
Twitter,,,,,,,0,,https://twitter.com/x/status/None,,unknown,0.0,0.0,0.0,,,,,,,BLDC fan,,[],0,Generic,False,neutral,0.0,0.0
Twitter,,,,,,,0,,https://twitter.com/x/status/None,,unknown,0.0,0.0,0.0,,,,,,,BLDC fan,,[],0,Generic,False,neutral,0.0,0.0
Twitter,,,,,,,0,,https://twitter.com/x/status/None,,unknown,0.0,0.0,0.0,,,,,,,BLDC fan,,[],0,Generic,False,neutral,0.0,0.0
Twitter,,,,,,,0,,https://twitter.com/x/status/None,,unknown,0.0,0.0,0.0,,,,,,,BLDC fan,,[],0,Generic,False,neutral,0.0,0.0
Twitter,,,,,,,0,,https://twitter.com/x/status/None,,unknown,0.0,0.0,0.0,,,,,,,BLDC fan,,[],0,Generic,False,neutral,0.0,0.0
Twitter,,,,,,,0,,https://twitter.com/x/status/None,,unknown,0.0,0.0,0.0,,,,,,,BLDC fan,,[],0,Generic,False,neutral,0.0,0.0
Twitter,,,,,,,0,,https://twitter.com/x/status/None,,unknown,0.0,0.0,0.0,,,,,,,BLDC fan,,[],0,Generic,False,neutral,0.0,0.0
Twitter,,,,,,,0,,https://twitter.com/x/status/None,,unknown,0.0,0.0,0.0,,,,,,,BLDC fan,,[],0,Generic,False,neutral,0.0,0.0
Instagram,3781437786692588290,,,,2025-12-06T06:28:53.000Z,,0,0.0,https://www.instagram.com/p/DR6XaHQDRMC/,,,,,,"Indyns isn’t just a fan — it’s a step towards a smarter, sustainable future. 🌍

💡 Power Efficiency + Modern Comfort = INDYNS BLDC

👉 Follow us for more updates, offers, and innovations!
🔗 Connect with us on:
📘 Facebook :- https://www.facebook.com/share/192yR4hxfw/

 | 📸 Instagram :- https://www.instagram.com/indyns_jitnovate/

| 🐦 X :-https://x.com/indyns62258?t=y6DbhVNQOMQg4fxLezenag&s=09

| ▶️ YouTube :-https://www.youtube.com/@INDYNS

 | 💼 LinkedIn :-https://www.linkedin.com/company/indyns/

",indyns_jitnovate,Image,,,,BLDC fan,"Indyns isn’t just a fan — it’s a step towards a smarter, sustainable future. 🌍

💡 Power Efficiency + Modern Comfort = INDYNS BLDC

👉 Follow us for more updates, offers, and innovations!
🔗 Connect with us on:
📘 Facebook :- https://www.facebook.com/share/192yR4hxfw/

 | 📸 Instagram :- https://www.instagram.com/indyns_jitnovate/

| 🐦 X :-https://x.com/indyns62258?t=y6DbhVNQOMQg4fxLezenag&s=09

| ▶️ YouTube :-https://www.youtube.com/@INDYNS

 | 💼 LinkedIn :-https://www.linkedin.com/company/indyns/

",[],0,Generic,False,positive,0.206,0.0
Instagram,3781437175532201743,,,,2025-12-06T06:27:40.000Z,,0,0.0,https://www.instagram.com/p/DR6XROEDacP/,,,,,,"Indyns isn’t just a fan — it’s a step towards a smarter, sustainable future. 🌍

💡 Power Efficiency + Modern Comfort = INDYNS BLDC

👉 Follow us for more updates, offers, and innovations!
🔗 Connect with us on:
📘 Facebook :- https://www.facebook.com/share/192yR4hxfw/

 | 📸 Instagram :- https://www.instagram.com/indyns_jitnovate/

| 🐦 X :-https://x.com/indyns62258?t=y6DbhVNQOMQg4fxLezenag&s=09

| ▶️ YouTube :-https://www.youtube.com/@INDYNS

 | 💼 LinkedIn :-https://www.linkedin.com/company/indyns/

",indyns_technology,Image,,,,BLDC fan,"Indyns isn’t just a fan — it’s a step towards a smarter, sustainable future. 🌍

💡 Power Efficiency + Modern Comfort = INDYNS BLDC

👉 Follow us for more updates, offers, and innovations!
🔗 Connect with us on:
📘 Facebook :- https://www.facebook.com/share/192yR4hxfw/

 | 📸 Instagram :- https://www.instagram.com/indyns_jitnovate/

| 🐦 X :-https://x.com/indyns62258?t=y6DbhVNQOMQg4fxLezenag&s=09

| ▶️ YouTube :-https://www.youtube.com/@INDYNS

 | 💼 LinkedIn :-https://www.linkedin.com/company/indyns/

",[],0,Generic,False,positive,0.206,0.0
Instagram,3781317598274560574,,,,2025-12-06T02:30:06.000Z,,1,0.0,https://www.instagram.com/p/DR58FJEFqI-/,,,,,,"Stay warm without turning up the heater.
Sinox BLDC fans circulate warm air with smart reverse rotation for winter comfort.

#SinoxPower #SinoxFan #BLDCFan #GreenLiving #SmartChoice #EnergyEfficientLiving #WinterWarmth #WinterMode #SmartAirflow #SmartEnergyUse",sinoxpower,Image,,,,BLDC fan,"Stay warm without turning up the heater.
Sinox BLDC fans circulate warm air with smart reverse rotation for winter comfort.

#SinoxPower #SinoxFan #BLDCFan #GreenLiving #SmartChoice #EnergyEfficientLiving #WinterWarmth #WinterMode #SmartAirflow #SmartEnergyUse",[],0,Generic,False,positive,0.471,1.0
Instagram,3780982512299035597,,,,2025-12-05T15:24:20.000Z,,2,0.0,https://www.instagram.com/p/DR4v4_7jEvN/,,,,,,"Presenting a fresh redesign concept by Emrolf Studio ✨
Exploring how intuitive comfort and modern airflow features can be showcased through clean visuals and elegant spaces.

This creative highlights:
• 4 intelligent comfort modes
• Smart remote functionality
• Winter-friendly reverse rotation
• BLDC efficiency & low-noise performance
• LED indicator–based display concept

A modern take on how user-friendly ceiling fans can transform everyday comfort.

This is a conceptual redesign created by Em",emrolff,Sidecar,,,,BLDC fan,"Presenting a fresh redesign concept by Emrolf Studio ✨
Exploring how intuitive comfort and modern airflow features can be showcased through clean visuals and elegant spaces.

This creative highlights:
• 4 intelligent comfort modes
• Smart remote functionality
• Winter-friendly reverse rotation
• BLDC efficiency & low-noise performance
• LED indicator–based display concept

A modern take on how user-friendly ceiling fans can transform everyday comfort.

This is a conceptual redesign created by Em",[],0,Generic,False,positive,0.278,2.0
Instagram,3780899480842068099,,,,2025-12-05T12:39:22.000Z,,1,0.0,https://www.instagram.com/p/DR4dAu3DOCD/,,,,,,"💨✨ Control comfort at your fingertips.
Experience silent performance, smart efficiency, and premium design — all with Atomberg Fans from Aviraj Agencies.
Cooling that matches your lifestyle. ⚡

📞 Contact: 8007000100

[ Aviraj Agencies, Atomberg Fan, Smart Fan, BLDC Fan, Remote Control Fan, Energy Efficient Fan, Modern Home Appliances]

#AvirajAgencies #AtombergFan #SmartFan #BLDCFan #RemoteControlFan #StylishCooling #EnergyEfficient #ModernHomeLiving #FutureOfCooling #HomeAppliances",aviraj_agencies,Image,,,,BLDC fan,"💨✨ Control comfort at your fingertips.
Experience silent performance, smart efficiency, and premium design — all with Atomberg Fans from Aviraj Agencies.
Cooling that matches your lifestyle. ⚡

📞 Contact: 8007000100

[ Aviraj Agencies, Atomberg Fan, Smart Fan, BLDC Fan, Remote Control Fan, Energy Efficient Fan, Modern Home Appliances]

#AvirajAgencies #AtombergFan #SmartFan #BLDCFan #RemoteControlFan #StylishCooling #EnergyEfficient #ModernHomeLiving #FutureOfCooling #HomeAppliances",['Atomberg'],1,Atomberg,True,positive,0.106,1.0
Instagram,3780810258693327974,,,,2025-12-05T09:42:06.000Z,,1,0.0,https://www.instagram.com/p/DR4IuYQkYxm/,,,,,,"✨ One Light. Three Shades. Zero Compromise.
Meet the Maslight Triple Colour 9W LED — designed to switch between White, Warm & Yellow with smooth, flicker-free brilliance.

💡 Copper Base for high performance
💡 Metal body for durability
💡 Perfect for Home & BLDC Fans
💡 Energy-saving + 5-Star compatible

Brighten smarter. Shine longer. Save more. 🌱⚡

🔗 www.maslighttech.com

📞 9205647799

#Maslight #TripleColourLED #LEDLights #HomeLighting #EnergySaver #5StarLED #SmartLighting #LightingSolutions #Te",maslightindia,Image,,,,BLDC fan,"✨ One Light. Three Shades. Zero Compromise.
Meet the Maslight Triple Colour 9W LED — designed to switch between White, Warm & Yellow with smooth, flicker-free brilliance.

💡 Copper Base for high performance
💡 Metal body for durability
💡 Perfect for Home & BLDC Fans
💡 Energy-saving + 5-Star compatible

Brighten smarter. Shine longer. Save more. 🌱⚡

🔗 www.maslighttech.com

📞 9205647799

#Maslight #TripleColourLED #LEDLights #HomeLighting #EnergySaver #5StarLED #SmartLighting #LightingSolutions #Te",[],0,Generic,False,positive,0.251,1.0
Instagram,3780742707321284957,,,,2025-12-05T07:27:53.000Z,,0,0.0,https://www.instagram.com/p/DR35XYJCKld/,,,,,,"Why let seasonal changes affect your electricity bill when Aerflo keeps it steady, smooth, and smart?
Stay warm, stay efficient, and let Aerflo make every season a low-cost season. ❄️⚡✨

#Aerflo #BLDCFan #EnergySaving #WinterComfort #LowWattFan #SmartFan #HomeEfficiency #PowerSaver #EnergySmartLiving #ModernHomes #WinterVibes #SaveEnergySaveMoney #AllSeasonFan #SustainableLiving #EcoFriendlyHome

[BLDC fan, energy saving fan, low power consumption, smart fan, Aerflo fan, winter savings, efficien",aerflotech,Image,,,,BLDC fan,"Why let seasonal changes affect your electricity bill when Aerflo keeps it steady, smooth, and smart?
Stay warm, stay efficient, and let Aerflo make every season a low-cost season. ❄️⚡✨

#Aerflo #BLDCFan #EnergySaving #WinterComfort #LowWattFan #SmartFan #HomeEfficiency #PowerSaver #EnergySmartLiving #ModernHomes #WinterVibes #SaveEnergySaveMoney #AllSeasonFan #SustainableLiving #EcoFriendlyHome

[BLDC fan, energy saving fan, low power consumption, smart fan, Aerflo fan, winter savings, efficien",[],0,Generic,False,positive,0.266,0.0
Instagram,3779434553019282741,,,,2025-12-03T12:08:49.000Z,,4,0.0,https://www.instagram.com/p/DRzP7OgjTU1/,,,,,,"Upgrade your home with the Indus BLDC 30W Inverter Fan — designed for modern homes in Pakistan! Enjoy 340 RPM high speed, powerful airflow, and RF remote control for effortless comfort. Save energy, stay cool, and give your space a premium designer look with Indus Home Appliances. ✨🇵🇰

🛒 Shop Now: https://www.superindus.com/products/marvel-ceiling-fan-30-watt-inverter

#IndusHomeAppliances #30WInverterFan #BLDCFan #DesignerFansPakistan #EnergySavingFans #ModernHomePakistan #CeilingFansPakistan #",indushome_official,Image,,,,BLDC fan,"Upgrade your home with the Indus BLDC 30W Inverter Fan — designed for modern homes in Pakistan! Enjoy 340 RPM high speed, powerful airflow, and RF remote control for effortless comfort. Save energy, stay cool, and give your space a premium designer look with Indus Home Appliances. ✨🇵🇰

🛒 Shop Now: https://www.superindus.com/products/marvel-ceiling-fan-30-watt-inverter

#IndusHomeAppliances #30WInverterFan #BLDCFan #DesignerFansPakistan #EnergySavingFans #ModernHomePakistan #CeilingFansPakistan #",[],0,Generic,False,positive,0.227,4.0
Instagram,3779306207987677978,,,,2025-12-03T07:53:49.000Z,,4,0.0,https://www.instagram.com/p/DRyyvj4iLsa/,,,,,,"Comfort that moves with your kitchen.
From morning chai to midnight snacks, Aerflo keeps every moment cool, quiet, and effortless. Just the way your kitchen should feel. ✨🍃

#Aerflo #AerfloFans #KitchenComfort #SilentCooling #BLDCFan #EnergySavingFan #InverterFriendly #ModernHome #HomeCooling #PremiumFans #EffortlessComfort #QuietAirflow #HomeAppliances #KitchenVibes #EverydayCooling #SmartCooling #EcoFriendlyLiving #SustainableCooling #DesignMeetsComfort #IndianHomes

[BLDC fan, silent cooling,",aerflotech,Image,,,,BLDC fan,"Comfort that moves with your kitchen.
From morning chai to midnight snacks, Aerflo keeps every moment cool, quiet, and effortless. Just the way your kitchen should feel. ✨🍃

#Aerflo #AerfloFans #KitchenComfort #SilentCooling #BLDCFan #EnergySavingFan #InverterFriendly #ModernHome #HomeCooling #PremiumFans #EffortlessComfort #QuietAirflow #HomeAppliances #KitchenVibes #EverydayCooling #SmartCooling #EcoFriendlyLiving #SustainableCooling #DesignMeetsComfort #IndianHomes

[BLDC fan, silent cooling,",[],0,Generic,False,positive,0.117,4.0
Instagram,3779239421775160348,,,,2025-12-03T05:41:08.000Z,,0,0.0,https://www.instagram.com/p/DRyjjsYD6Qc/,,,,,,"OXIRA ELECTRICALS 
പാലാ -പൊൻകുന്നം റോഡ് 
പന്ത്രണ്ടാം മൈൽ , പാലാ .
ലൊക്കേഷൻ- https://share.google/W9TLi54JUHnKnwj0g

#bldc #bldcfan #vguard luker kerala pala",oxiraelectricals,Image,,,,BLDC fan,"OXIRA ELECTRICALS 
പാലാ -പൊൻകുന്നം റോഡ് 
പന്ത്രണ്ടാം മൈൽ , പാലാ .
ലൊക്കേഷൻ- https://share.google/W9TLi54JUHnKnwj0g

#bldc #bldcfan #vguard luker kerala pala",[],0,Generic,False,neutral,0.0,0.0
Instagram,3779216534985157652,,,,2025-12-03T04:55:39.000Z,,16,0.0,https://www.instagram.com/p/DRyeWpZEqwU/,,,,,,"Hot or cold — it’s always JUST RIGHT! 🌬️🔥❄️
Experience perfect comfort with V-Guard Airwiz Prime Premium BLDC Fan with Reverse Rotation Technology.
Now available at Sanjaya Electronics NX ✅

#VGuardFan #AirwizPrime #BLDCFan #SmartCooling #ReverseRotation #PremiumFan #SanjayaElectronicsNX #SmartHome #EnergySaving #allseasoncomfort",sanjayaelectronicsnx,Image,,,,BLDC fan,"Hot or cold — it’s always JUST RIGHT! 🌬️🔥❄️
Experience perfect comfort with V-Guard Airwiz Prime Premium BLDC Fan with Reverse Rotation Technology.
Now available at Sanjaya Electronics NX ✅

#VGuardFan #AirwizPrime #BLDCFan #SmartCooling #ReverseRotation #PremiumFan #SanjayaElectronicsNX #SmartHome #EnergySaving #allseasoncomfort",[],0,Generic,False,positive,0.281,16.0
Instagram,3779176291082908685,,,,2025-12-03T03:35:42.000Z,,1,0.0,https://www.instagram.com/p/DRyVNBVkzQN/,,,,,,"Indyns isn’t just a fan — it’s a step towards a smarter, sustainable future. 🌍

💡 Power Efficiency + Modern Comfort = INDYNS BLDC

👉 Follow us for more updates, offers, and innovations!
🔗 Connect with us on:
📘 Facebook :- https://www.facebook.com/share/192yR4hxfw/

 | 📸 Instagram :- https://www.instagram.com/indyns_jitnovate/

| 🐦 X :-https://x.com/indyns62258?t=y6DbhVNQOMQg4fxLezenag&s=09

| ▶️ YouTube :-https://www.youtube.com/@INDYNS

 | 💼 LinkedIn :-https://www.linkedin.com/company/indyns/

",indyns_jitnovate,Image,,,,BLDC fan,"Indyns isn’t just a fan — it’s a step towards a smarter, sustainable future. 🌍

💡 Power Efficiency + Modern Comfort = INDYNS BLDC

👉 Follow us for more updates, offers, and innovations!
🔗 Connect with us on:
📘 Facebook :- https://www.facebook.com/share/192yR4hxfw/

 | 📸 Instagram :- https://www.instagram.com/indyns_jitnovate/

| 🐦 X :-https://x.com/indyns62258?t=y6DbhVNQOMQg4fxLezenag&s=09

| ▶️ YouTube :-https://www.youtube.com/@INDYNS

 | 💼 LinkedIn :-https://www.linkedin.com/company/indyns/

",[],0,Generic,False,positive,0.206,1.0
Instagram,3778751442606594422,,,,2025-12-02T13:31:36.000Z,,0,0.0,https://www.instagram.com/p/DRw0mqXD5l2/,,,,,,"പഴയ ഫാൻ മാറ്റി പുതിയ ഫാൻ വാങ്ങാൻ ഓഫർ തുടരുന്നു. . 

Luker BLDC Fan #bldcfan #luker #fan",oxiraelectricals,Image,,,,BLDC fan,"പഴയ ഫാൻ മാറ്റി പുതിയ ഫാൻ വാങ്ങാൻ ഓഫർ തുടരുന്നു. . 

Luker BLDC Fan #bldcfan #luker #fan",[],0,Generic,False,neutral,0.0,0.0
Instagram,3778698533265200436,,,,2025-12-02T11:46:29.000Z,,0,0.0,https://www.instagram.com/p/DRwokusj9U0/,,,,,,"Upgrade your home with Polar BLDC Fans ✨
Save energy, enjoy powerful airflow, and get an exclusive ₹500 exchange offer at Wafa Mahal!🚨

📍Visit our store today🛍️
📩DM us for details

#WafaMahal #PolarFan #BLDCFan #HomeAppliances #EnergySaving #SmartHome",wafamahal.in,Image,,,,BLDC fan,"Upgrade your home with Polar BLDC Fans ✨
Save energy, enjoy powerful airflow, and get an exclusive ₹500 exchange offer at Wafa Mahal!🚨

📍Visit our store today🛍️
📩DM us for details

#WafaMahal #PolarFan #BLDCFan #HomeAppliances #EnergySaving #SmartHome",[],0,Generic,False,positive,0.206,0.0
Instagram,3778690313930797675,,,,2025-12-02T11:30:09.000Z,,0,0.0,https://www.instagram.com/p/DRwmtH2DfJr/,,,,,,"Small in size, big on performance — the Luker Crown BLDC keeps your home cool while saving power. Now at Sreekariyam Trade & Electricals!

#sreekariyamtradeandelectricals #luker #lukercrown #bldcfan #energysavingfan #qualityproducts #trustedservice #electricalshop #trivandrum #bestprice #homeessentials #pongummoodan  #pongummoodu #nammudesreekariyam #nammudepongummoodu #kazhakootam #chempazhanthy #nammudekazhakkoottam #technoparktrivandrum #technoparkjobs #technoparkdiaries #ste",sreekariyamtradeandelectricals,Image,,,,BLDC fan,"Small in size, big on performance — the Luker Crown BLDC keeps your home cool while saving power. Now at Sreekariyam Trade & Electricals!

#sreekariyamtradeandelectricals #luker #lukercrown #bldcfan #energysavingfan #qualityproducts #trustedservice #electricalshop #trivandrum #bestprice #homeessentials #pongummoodan  #pongummoodu #nammudesreekariyam #nammudepongummoodu #kazhakootam #chempazhanthy #nammudekazhakkoottam #technoparktrivandrum #technoparkjobs #technoparkdiaries #ste",[],0,Generic,False,neutral,0.062,0.0
Instagram,3778661638414211194,,,,2025-12-02T10:33:11.000Z,,2,2.0,https://www.instagram.com/p/DRwgL1sExh6/,,,,,,"Myth vs Truth: Let’s clear the confusion 🔍

BLDC fans aren’t complicated—they are simply smarter.

Our BLDC fans deliver unmatched power, silence, and durability, instantly shattering every myth you’ve heard about performance and longevity.

One upgrade... and you save for years. ✔️

Premium performance, zero compromises, starting at just ₹1499. Experience the difference today.

#BLDCFan #MythBuster #HomeUpgrade #SilentPower #SmartHome #CeilingFan #InteriorDesign",ddguruji_traders,Image,,,,BLDC fan,"Myth vs Truth: Let’s clear the confusion 🔍

BLDC fans aren’t complicated—they are simply smarter.

Our BLDC fans deliver unmatched power, silence, and durability, instantly shattering every myth you’ve heard about performance and longevity.

One upgrade... and you save for years. ✔️

Premium performance, zero compromises, starting at just ₹1499. Experience the difference today.

#BLDCFan #MythBuster #HomeUpgrade #SilentPower #SmartHome #CeilingFan #InteriorDesign",[],0,Generic,False,neutral,0.025,6.0
Instagram,3778431361695754587,,,,2025-12-02T02:55:39.000Z,,0,0.0,https://www.instagram.com/p/DRvr03yEilb/,,,,,,"Indyns isn’t just a fan — it’s a step towards a smarter, sustainable future. 🌍

💡 Power Efficiency + Modern Comfort = INDYNS BLDC

👉 Follow us for more updates, offers, and innovations!
🔗 Connect with us on:
📘 Facebook :- https://www.facebook.com/share/192yR4hxfw/

 | 📸 Instagram :- https://www.instagram.com/indyns_jitnovate/

| 🐦 X :-https://x.com/indyns62258?t=y6DbhVNQOMQg4fxLezenag&s=09

| ▶️ YouTube :-https://www.youtube.com/@INDYNS

 | 💼 LinkedIn :-https://www.linkedin.com/company/indyns/

",indyns_india6,Image,,,,BLDC fan,"Indyns isn’t just a fan — it’s a step towards a smarter, sustainable future. 🌍

💡 Power Efficiency + Modern Comfort = INDYNS BLDC

👉 Follow us for more updates, offers, and innovations!
🔗 Connect with us on:
📘 Facebook :- https://www.facebook.com/share/192yR4hxfw/

 | 📸 Instagram :- https://www.instagram.com/indyns_jitnovate/

| 🐦 X :-https://x.com/indyns62258?t=y6DbhVNQOMQg4fxLezenag&s=09

| ▶️ YouTube :-https://www.youtube.com/@INDYNS

 | 💼 LinkedIn :-https://www.linkedin.com/company/indyns/

",[],0,Generic,False,positive,0.206,0.0
Instagram,3778424816576701118,,,,2025-12-02T02:42:39.000Z,,0,0.0,https://www.instagram.com/p/DRvqVoKkyK-/,,,,,,"Indyns isn’t just a fan — it’s a step towards a smarter, sustainable future. 🌍

💡 Power Efficiency + Modern Comfort = INDYNS BLDC

👉 Follow us for more updates, offers, and innovations!
🔗 Connect with us on:
📘 Facebook :- https://www.facebook.com/share/192yR4hxfw/

 | 📸 Instagram :- https://www.instagram.com/indyns_jitnovate/

| 🐦 X :-https://x.com/indyns62258?t=y6DbhVNQOMQg4fxLezenag&s=09

| ▶️ YouTube :-https://www.youtube.com/@INDYNS

 | 💼 LinkedIn :-https://www.linkedin.com/company/indyns/

",indyns_jitnovate,Image,,,,BLDC fan,"Indyns isn’t just a fan — it’s a step towards a smarter, sustainable future. 🌍

💡 Power Efficiency + Modern Comfort = INDYNS BLDC

👉 Follow us for more updates, offers, and innovations!
🔗 Connect with us on:
📘 Facebook :- https://www.facebook.com/share/192yR4hxfw/

 | 📸 Instagram :- https://www.instagram.com/indyns_jitnovate/

| 🐦 X :-https://x.com/indyns62258?t=y6DbhVNQOMQg4fxLezenag&s=09

| ▶️ YouTube :-https://www.youtube.com/@INDYNS

 | 💼 LinkedIn :-https://www.linkedin.com/company/indyns/

",[],0,Generic,False,positive,0.206,0.0
Instagram,3778416469139318160,,,,2025-12-02T02:26:04.000Z,,0,0.0,https://www.instagram.com/p/DRvocKAiOWQ/,,,,,,"Give your home a shade of perfection. The V-Guard Airwiz BLDC Fan - available in 9 unique colors to suit every space. #vguard #stylethatmoves #bldcfan #madetomatchyourhome 

CONTACT :- 7621858447",dc.electronicsappliances,Image,,,,BLDC fan,"Give your home a shade of perfection. The V-Guard Airwiz BLDC Fan - available in 9 unique colors to suit every space. #vguard #stylethatmoves #bldcfan #madetomatchyourhome 

CONTACT :- 7621858447",[],0,Generic,False,positive,0.388,0.0
Instagram,3777980713459857551,,,,2025-12-01T12:00:18.000Z,,4,0.0,https://www.instagram.com/p/DRuFXE6DTiP/,,,,,,"Upgrade your home with the Indus BLDC 30W Inverter Fan — designed for modern homes in Pakistan! Enjoy 340 RPM high speed, powerful airflow, and RF remote control for effortless comfort. Save energy, stay cool, and give your space a premium designer look with Indus Home Appliances. ✨🇵🇰
Shop now at www.superindus.com

#IndusHomeAppliances #30WInverterFan #BLDCFan #DesignerFansPakistan #EnergySavingFans #ModernHomePakistan #CeilingFansPakistan #HighSpeedFan #RFRemoteFan #Gujranwala #Lahore #Karachi",indushome_official,Image,,,,BLDC fan,"Upgrade your home with the Indus BLDC 30W Inverter Fan — designed for modern homes in Pakistan! Enjoy 340 RPM high speed, powerful airflow, and RF remote control for effortless comfort. Save energy, stay cool, and give your space a premium designer look with Indus Home Appliances. ✨🇵🇰
Shop now at www.superindus.com

#IndusHomeAppliances #30WInverterFan #BLDCFan #DesignerFansPakistan #EnergySavingFans #ModernHomePakistan #CeilingFansPakistan #HighSpeedFan #RFRemoteFan #Gujranwala #Lahore #Karachi",[],0,Generic,False,positive,0.227,4.0
Instagram,3777979979113126245,,,,2025-12-01T11:58:51.000Z,,6,0.0,https://www.instagram.com/p/DRuFMY_k1ll/,,,,,,"Family time feels warmer when the room stays cooler.
Aerflo BLDC Fans keep every corner comfortable, silent, and energy-smart — so your moments stay uninterrupted and effortlessly joyful. 🏡✨

Because comfort isn’t just felt… it’s shared.

#Aerflo #AerfloFans #BLDCFan #EnergySavingFan #SilentFan #HomeComfort #FamilyTime #SmartCooling #ModernHome #IndianHomes #InteriorLovers #HomeLifestyle #EcoFriendlyLiving #PowerSaving #InverterFriendly #CeilingFan #SustainableLiving #QuietComfort #CoolingSoluti",aerflotech,Image,,,,BLDC fan,"Family time feels warmer when the room stays cooler.
Aerflo BLDC Fans keep every corner comfortable, silent, and energy-smart — so your moments stay uninterrupted and effortlessly joyful. 🏡✨

Because comfort isn’t just felt… it’s shared.

#Aerflo #AerfloFans #BLDCFan #EnergySavingFan #SilentFan #HomeComfort #FamilyTime #SmartCooling #ModernHome #IndianHomes #InteriorLovers #HomeLifestyle #EcoFriendlyLiving #PowerSaving #InverterFriendly #CeilingFan #SustainableLiving #QuietComfort #CoolingSoluti",[],0,Generic,False,positive,0.133,6.0
Instagram,3777965515717760205,,,,2025-12-01T11:30:07.000Z,,0,0.0,https://www.instagram.com/p/DRuB566CFTN/,,,,,,"Smooth, silent, and seriously energy-saving — the Venus Sigma BLDC is built for everyday comfort. Now at Sreekariyam Trade & Electricals.

#sreekariyamtradeandelectricals #venusfan #sigmabldc #bldcfan #energysavingfan #qualityproducts #trustedservice #electricalshop #trivandrum #bestprice #homeessentials #pongummoodan  #pongummoodu #nammudesreekariyam #nammudepongummoodu #kazhakootam #chempazhanthy #nammudekazhakkoottam #technoparktrivandrum #technoparkjobs #technoparkdiaries #ste",sreekariyamtradeandelectricals,Image,,,,BLDC fan,"Smooth, silent, and seriously energy-saving — the Venus Sigma BLDC is built for everyday comfort. Now at Sreekariyam Trade & Electricals.

#sreekariyamtradeandelectricals #venusfan #sigmabldc #bldcfan #energysavingfan #qualityproducts #trustedservice #electricalshop #trivandrum #bestprice #homeessentials #pongummoodan  #pongummoodu #nammudesreekariyam #nammudepongummoodu #kazhakootam #chempazhanthy #nammudekazhakkoottam #technoparktrivandrum #technoparkjobs #technoparkdiaries #ste",[],0,Generic,False,neutral,-0.033,0.0
Instagram,3777959266666658678,,,,2025-12-01T11:17:41.000Z,,0,0.0,https://www.instagram.com/p/DRuAe_Bj7t2/,,,,,,"Indyns isn’t just a fan — it’s a step towards a smarter, sustainable future. 🌍

💡 Power Efficiency + Modern Comfort = INDYNS BLDC

👉 Follow us for more updates, offers, and innovations!
🔗 Connect with us on:
📘 Facebook :- https://www.facebook.com/share/192yR4hxfw/

 | 📸 Instagram :- https://www.instagram.com/indyns_jitnovate/

| 🐦 X :-https://x.com/indyns62258?t=y6DbhVNQOMQg4fxLezenag&s=09

| ▶️ YouTube :-https://www.youtube.com/@INDYNS

 | 💼 LinkedIn :-https://www.linkedin.com/company/indyns/

",indyns_technology,Image,,,,BLDC fan,"Indyns isn’t just a fan — it’s a step towards a smarter, sustainable future. 🌍

💡 Power Efficiency + Modern Comfort = INDYNS BLDC

👉 Follow us for more updates, offers, and innovations!
🔗 Connect with us on:
📘 Facebook :- https://www.facebook.com/share/192yR4hxfw/

 | 📸 Instagram :- https://www.instagram.com/indyns_jitnovate/

| 🐦 X :-https://x.com/indyns62258?t=y6DbhVNQOMQg4fxLezenag&s=09

| ▶️ YouTube :-https://www.youtube.com/@INDYNS

 | 💼 LinkedIn :-https://www.linkedin.com/company/indyns/

",[],0,Generic,False,positive,0.206,0.0
Instagram,3777941901845694970,,,,2025-12-01T10:43:11.000Z,,0,0.0,https://www.instagram.com/p/DRt8iSxk4n6/,,,,,,"Indyns isn’t just a fan — it’s a step towards a smarter, sustainable future. 🌍

💡 Power Efficiency + Modern Comfort = INDYNS BLDC

👉 Follow us for more updates, offers, and innovations!
🔗 Connect with us on:
📘 Facebook :- https://www.facebook.com/share/192yR4hxfw/

 | 📸 Instagram :- https://www.instagram.com/indyns_jitnovate/

| 🐦 X :-https://x.com/indyns62258?t=y6DbhVNQOMQg4fxLezenag&s=09

| ▶️ YouTube :-https://www.youtube.com/@INDYNS

 | 💼 LinkedIn :-https://www.linkedin.com/company/indyns/

",indyns_jitnovate,Image,,,,BLDC fan,"Indyns isn’t just a fan — it’s a step towards a smarter, sustainable future. 🌍

💡 Power Efficiency + Modern Comfort = INDYNS BLDC

👉 Follow us for more updates, offers, and innovations!
🔗 Connect with us on:
📘 Facebook :- https://www.facebook.com/share/192yR4hxfw/

 | 📸 Instagram :- https://www.instagram.com/indyns_jitnovate/

| 🐦 X :-https://x.com/indyns62258?t=y6DbhVNQOMQg4fxLezenag&s=09

| ▶️ YouTube :-https://www.youtube.com/@INDYNS

 | 💼 LinkedIn :-https://www.linkedin.com/company/indyns/

",[],0,Generic,False,positive,0.206,0.0
Google,https://www.reddit.com/r/Kerala/comments/1kecrii/any_bldc_fan_users_share_your_experiences/,Any BLDC fan users? Share your experiences : r/Kerala,"Yes, BLDC fans are good and energy-saving. One downside (maybe it's just me): I turn them off during lightning storms since they have a higher chance of ...",Reddit › r,,0.0,0,0.0,https://www.reddit.com/r/Kerala/comments/1kecrii/any_bldc_fan_users_share_your_experiences/,,,,,,,,,Reddit › r/Kerala,0.0,BLDC fan review India,BLDC fan,,[],0,Generic,False,neutral,0.0,0.0
Google,https://vsctimes.com/best-ceiling-fans/,7 Best Ceiling Fans in India 2025 | Buyer's Guide & Reviews!,"The Atomberg Renesa is a 5-star rated BLDC fan that saves the maximum power. Our calculation shows that this BLDC ceiling fan saves around Rs 2,000 annually. So ...",https:,,0.0,0,0.0,https://vsctimes.com/best-ceiling-fans/,,,,,,,,,https://vsctimes.com › Ceiling Fans,0.0,BLDC fan review India,BLDC fan,,[],0,Generic,False,neutral,0.0,0.0
Google,https://www.amazon.in/Orient-Electric-Zeno-BLDC-warranty/dp/B0CHRJ5QQY,Buy Orient Electric 1200 mm Zeno BLDC,Recently I purchased Zeno BLDC fan. It's a excellent fan with simple and elegant look. Running smoothly without any kind of noise with good airflow. The remote ...,https:,,0.0,0,0.0,https://www.amazon.in/Orient-Electric-Zeno-BLDC-warranty/dp/B0CHRJ5QQY,,,,,,,,,https://www.amazon.in › Orient-Electric-Zeno-BLDC-w...,0.0,BLDC fan review India,BLDC fan,,[],0,Generic,False,neutral,0.0,0.0
Google,https://www.geekman.in/v-guard-insight-g-review/,"V-Guard Insight-G Review, Best BLDC Fan In India?","The Insight-G has a speed of 370 RPM and a 5-star energy rating, which promises only 35W power consumption, it's almost half of what a regular fan uses.",https:,,0.0,0,0.0,https://www.geekman.in/v-guard-insight-g-review/,,,,,,,,,https://www.geekman.in › v-guard-insight-g-review,0.0,BLDC fan review India,BLDC fan,,[],0,Generic,False,neutral,0.0,0.0
Google,https://www.flipkart.com/atomberg-renesa-1200-mm-bldc-motor-remote-3-blade-ceiling-fan/product-reviews/itm920c1e2d79bf8?pid=FANFCFYT5H6ETZPK,Latest Review of Atomberg Renesa 1200 Mm Bldc Motor ...,"Superb, a must buy. only 28w power consumption compared to 75w of my old crompton fan, on full speed mode its faster and less noisier than any other company ...",https:,,0.0,0,0.0,https://www.flipkart.com/atomberg-renesa-1200-mm-bldc-motor-remote-3-blade-ceiling-fan/product-reviews/itm920c1e2d79bf8?pid=FANFCFYT5H6ETZPK,,,,,,,,,https://www.flipkart.com › product-reviews › pid=FAN...,0.0,BLDC fan review India,BLDC fan,,[],0,Generic,False,neutral,0.0,0.0
Google,https://atomberg.com/atomberg-ceiling-fans?srsltid=AfmBOoo_jBh5epbrw2MRnBILVSqz5XwKizNeHvBmvcAlYGLrQa0s5D-v,Buy Premium BLDC Ceiling Fans At Best Prices Online In ...,"Atomberg's BLDC fans give you the same (or better) air delivery as a normal fan while slashing power bills, staying quiet, and working flawlessly.",https:,,0.0,0,0.0,https://atomberg.com/atomberg-ceiling-fans?srsltid=AfmBOoo_jBh5epbrw2MRnBILVSqz5XwKizNeHvBmvcAlYGLrQa0s5D-v,,,,,,,,,https://atomberg.com › atomberg-ceiling-fans,0.0,BLDC fan review India,BLDC fan,,[],0,Generic,False,neutral,0.0,0.0
Google,https://tech.hindustantimes.com/home-appliances/reviews/orient-electric-aeon-bldc-review-a-reliable-remote-controlled-ceiling-fan-thats-easy-on-your-wallet-71727618358577.html,"Orient Electric Aeon BLDC Review: A reliable, remote- ...","Orient Electric Aeon BLDC is a great choice if you're looking for a reliable BLDC fan for around ₹5,000. It has a minimalist yet modern design, ...",https:,,0.0,0,0.0,https://tech.hindustantimes.com/home-appliances/reviews/orient-electric-aeon-bldc-review-a-reliable-remote-controlled-ceiling-fan-thats-easy-on-your-wallet-71727618358577.html,,,,,,,,,https://tech.hindustantimes.com › ... › Reviews,0.0,BLDC fan review India,BLDC fan,,[],0,Generic,False,neutral,0.0,0.0
Google,https://technofino.in/community/threads/whats-the-review-of-bldc-ceiling-fans-any-recommendations.21221/,What's the review of BLDC ceiling fans? Any ...,Recently came across the BLDC category that is better for energy efficiency. While normal fan consumes 75W they only use 30W for the same ...,https:,,0.0,0,0.0,https://technofino.in/community/threads/whats-the-review-of-bldc-ceiling-fans-any-recommendations.21221/,,,,,,,,,https://technofino.in › community › threads › whats-the...,0.0,BLDC fan review India,BLDC fan,,[],0,Generic,False,neutral,0.0,0.0
Google,https://www.reddit.com/r/Frugal_Ind/comments/1k2nyl0/bldc_fans_suggestions_and_opinions/,BLDC fans suggestions and opinions : r/Frugal_Ind,"Atomberg, been using them for more than 5 years, they're great, even after sales support is good. AFAIK, they were the first to introduce ...",Reddit › r,,0.0,0,0.0,https://www.reddit.com/r/Frugal_Ind/comments/1k2nyl0/bldc_fans_suggestions_and_opinions/,,,,,,,,,Reddit › r/Frugal_Ind,0.0,BLDC fan best brands,BLDC fan,,[],0,Generic,False,neutral,0.0,0.0
Google,https://atomberg.com/atomberg-ceiling-fans?srsltid=AfmBOoo9zPtnevlVBcsxAPz09PhrmchHhthHM4v3oywKras9uzZcC_2z,Buy Premium BLDC Ceiling Fans At Best Prices Online In ...,"Atomberg's BLDC fans give you the same (or better) air delivery as a normal fan while slashing power bills, staying quiet, and working flawlessly.",https:,,0.0,0,0.0,https://atomberg.com/atomberg-ceiling-fans?srsltid=AfmBOoo9zPtnevlVBcsxAPz09PhrmchHhthHM4v3oywKras9uzZcC_2z,,,,,,,,,https://atomberg.com › atomberg-ceiling-fans,0.0,BLDC fan best brands,BLDC fan,,[],0,Generic,False,neutral,0.0,0.0
Google,https://www.facebook.com/groups/pmitvadodara/posts/3966335146937498/,Which brand is good for BLDC ceiling fan use?,"Looking through this KakiDIY group, the brands that are most popular seems to be DEKA and Panasonic. Please recommend a reliable and windy ...",Facebook › Put Me In Touch Vadodara,,0.0,0,0.0,https://www.facebook.com/groups/pmitvadodara/posts/3966335146937498/,,,,,,,,,Facebook › Put Me In Touch Vadodara,0.0,BLDC fan best brands,BLDC fan,,[],0,Generic,False,neutral,0.0,0.0
Google,https://www.linkedin.com/pulse/top-bldc-ceiling-fan-companies-how-compare-them-gmn0c/,Top BLDC Ceiling Fan Companies & How to Compare ...,"Hunter Fan Company: Known for innovative design and smart features, with a strong North American presence. · Orient Electric: An Indian brand ...",LinkedIn › DataBridge Global MRI RB,,0.0,0,0.0,https://www.linkedin.com/pulse/top-bldc-ceiling-fan-companies-how-compare-them-gmn0c/,,,,,,,,,LinkedIn › DataBridge Global MRI RB,0.0,BLDC fan best brands,BLDC fan,,[],0,Generic,False,neutral,0.0,0.0
Google,https://techenclave.com/t/help-me-choose-a-reliable-bldc-fan-among-superfan-super-x1-atomberg-renesa-havells-ambrose-bldc-and-crompton-energion-groove/265816,Help me choose a reliable BLDC fan among Superfan ...,"I'll suggest Atomberg. I find that Atomberg fans have a better design and remote. Warranty-wise, Superfan is better.",https:,,0.0,0,0.0,https://techenclave.com/t/help-me-choose-a-reliable-bldc-fan-among-superfan-super-x1-atomberg-renesa-havells-ambrose-bldc-and-crompton-energion-groove/265816,,,,,,,,,https://techenclave.com › help-me-choose-a-reliable-bld...,0.0,BLDC fan best brands,BLDC fan,,[],0,Generic,False,neutral,0.0,0.0
Google,https://www.amazon.in/gp/bestsellers/kitchen/4369221031,The most popular items in Ceiling Fans,"Orient Electric 1200 mm Zeno BLDC | BLDC energy saving ceiling fan with ... Havells Mozel XP 1200mm Ceiling Fan, Best in Class Base Fan with High Air ...",https:,,0.0,0,0.0,https://www.amazon.in/gp/bestsellers/kitchen/4369221031,,,,,,,,,https://www.amazon.in › bestsellers › kitchen,0.0,BLDC fan best brands,BLDC fan,,[],0,Generic,False,neutral,0.0,0.0
Google,https://havells.com/fans/ceiling-fans.html,High-Quality Ceiling Fans - Shop Now at Havells,Havells ; Epic Voice BLDC+ Ceiling Fan · Epic Voice BLDC+ Ceiling Fan. 1200 mm (Elegant White). As low as ₹ 4 455.00 (incl. of all taxes) MRP ₹ ...,https:,,0.0,0,0.0,https://havells.com/fans/ceiling-fans.html,,,,,,,,,https://havells.com › fans › ceiling-fans,0.0,BLDC fan best brands,BLDC fan,,[],0,Generic,False,neutral,0.0,0.0
Google,https://www.amazon.com/bldc-ceiling-fan/s?k=bldc+ceiling+fan,Bldc Ceiling Fan,"ZMISHIBO 84 Inch Large Ceiling Fan No Light, 8 Aluminum Blades, 6-Speed Remote Control, Industrial Ceiling Fan without Light, Quiet DC Motor, Indoor/Outdoor ...",https:,,0.0,0,0.0,https://www.amazon.com/bldc-ceiling-fan/s?k=bldc+ceiling+fan,,,,,,,,,https://www.amazon.com › bldc-ceiling-fan › k=bldc+c...,0.0,buy BLDC fan,BLDC fan,,[],0,Generic,False,neutral,0.0,0.0
Google,https://www.flipkart.com/q/bldc-ceiling-fan,Buy Bldc Ceiling Fan online at Best Prices in India,"KUHL Prima A3 BLDC Ceiling Fan with 5 Year Warranty BLDC Motor with Remote 1200 mm Ceiling Fan. 70%. ₹6,350. ₹1,899. ₹1,804. with Bank offer.",https:,,0.0,0,0.0,https://www.flipkart.com/q/bldc-ceiling-fan,,,,,,,,,https://www.flipkart.com › bldc-ceiling-fan,0.0,buy BLDC fan,BLDC fan,,[],0,Generic,False,neutral,0.0,0.0
Google,https://www.kuhl.in/,Buy Energy Efficient BLDC Ceiling Fans | 5 Star Rated and ...,"BLDC are next generation DC fans, which reduces electricity consumption. Thus generates less heat and have longer life span.",https:,,0.0,0,0.0,https://www.kuhl.in/,,,,,,,,,https://www.kuhl.in,0.0,buy BLDC fan,BLDC fan,,[],0,Generic,False,neutral,0.0,0.0
Google,https://superfan.in/?srsltid=AfmBOopaheGQO-AlJR--w6dB3s8CQVimNcbuC6FVv_3hxKUGiWzWeuV_,Superfan: India's First BLDC Ceiling Fan | 5 Years Warranty,... Buy Now India's First BLDC Pedestal Fan  . Exclusive Combo Offer: Buy 2 Superfan BLDC Ceiling Fan & Get ₹100 OFF. Introducing the new arrival ...,https:,,0.0,0,0.0,https://superfan.in/?srsltid=AfmBOopaheGQO-AlJR--w6dB3s8CQVimNcbuC6FVv_3hxKUGiWzWeuV_,,,,,,,,,https://superfan.in,0.0,buy BLDC fan,BLDC fan,,[],0,Generic,False,neutral,0.0,0.0
Google,https://atomberg.com/atomberg-ceiling-fans?srsltid=AfmBOop9pz8nuFu9aEXlxTqk03MnrbGfsLUvhwXIo8FU7YYHHrdQ_-iM,Buy Premium BLDC Ceiling Fans At Best Prices Online In ...,Buy BLDC fans that are energy-efficient. Discover wide range of BLDC ceiling fans available at Atomberg to suit your room with best ceiling fans.,https:,,0.0,0,0.0,https://atomberg.com/atomberg-ceiling-fans?srsltid=AfmBOop9pz8nuFu9aEXlxTqk03MnrbGfsLUvhwXIo8FU7YYHHrdQ_-iM,,,,,,,,,https://atomberg.com › atomberg-ceiling-fans,0.0,buy BLDC fan,BLDC fan,,[],0,Generic,False,neutral,0.0,0.0
Google,https://orientelectric.com/collections/bldc-fans?srsltid=AfmBOoqmH59VJFenyEoIN5CTwm9QTzct8_EQIJQUrDJrQ7TvbpalWsIX,Buy BLDC Fans (बीएलडीसी फैन) Online at Best Price in India,"Save 50% On Your Electricity with BLDC Ceiling Fans. Traditional ceiling fans in India typically consume around 75-90 watts of power, contributing to higher ...",https:,,0.0,0,0.0,https://orientelectric.com/collections/bldc-fans?srsltid=AfmBOoqmH59VJFenyEoIN5CTwm9QTzct8_EQIJQUrDJrQ7TvbpalWsIX,,,,,,,,,https://orientelectric.com › collections › bldc-fans,0.0,buy BLDC fan,BLDC fan,,[],0,Generic,False,neutral,0.0,0.0
YouTube,ldDzS6n3N_c,"Crompton Energion Hyperjet BLDC Ceiling Fan @ ₹2,099","Amazon Deal: Crompton Energion Hyperjet BLDC Ceiling Fan @ ₹2,099 | Today Online Shopping Offers


Stay cool and save energy with the Crompton Energion Hyperjet 1200mm BLDC Ceiling Fan, now available for just ₹2,099 during the Amazon Great Republic Day Sale. This fan combines sleek design with cutting-edge BLDC technology for optimal performance and energy savings.

🌟 Key Features:

BLDC Motor Technology: Energy-efficient performance with lower power consumption.

Silent Operation: Enjoy a noise-free cooling experience.

High Air Delivery: 1200mm sweep for effective cooling in large rooms.

Stylish Design: Modern look to complement any decor.

Durable Build: Designed for long-lasting performance.


💡 Why Buy?
The Crompton Energion Hyperjet BLDC Ceiling Fan is perfect for those looking to cut energy costs while enjoying superior cooling. Don’t miss this amazing deal!

📢 Limited-Time Offer! Buy now before the deal ends.



---

#AmazonDeals #CromptonFans #BLDCCeilingFan #TodayShoppingOffers #EnergyEfficientFans #AmazonRepublicDaySale


Crompton Energion Hyperjet, energy-saving fans, BLDC ceiling fans, Amazon sale offers, online shopping deals, best ceiling fans under ₹3000, home appliances deals.",Shopping gallery ,2025-01-22T15:23:30Z,39812.0,132,4.0,https://youtube.com/watch?v=ldDzS6n3N_c,,,,,,,,,,,,energy efficient fan,"Crompton Energion Hyperjet BLDC Ceiling Fan @ ₹2,099 Amazon Deal: Crompton Energion Hyperjet BLDC Ceiling Fan @ ₹2,099 | Today Online Shopping Offers


Stay cool and save energy with the Crompton Energion Hyperjet 1200mm BLDC Ceiling Fan, now available for just ₹2,099 during the Amazon Great Republic Day Sale. This fan combines sleek design with cutting-edge BLDC technology for optimal performance and energy savings.

🌟 Key Features:

BLDC Motor Technology: Energy-efficient performance with lower power consumption.

Silent Operation: Enjoy a noise-free cooling experience.

High Air Delivery: 1200mm sweep for effective cooling in large rooms.

Stylish Design: Modern look to complement any decor.

Durable Build: Designed for long-lasting performance.


💡 Why Buy?
The Crompton Energion Hyperjet BLDC Ceiling Fan is perfect for those looking to cut energy costs while enjoying superior cooling. Don’t miss this amazing deal!

📢 Limited-Time Offer! Buy now before the deal ends.



---

#AmazonDeals #CromptonFans #BLDCCeilingFan #TodayShoppingOffers #EnergyEfficientFans #AmazonRepublicDaySale


Crompton Energion Hyperjet, energy-saving fans, BLDC ceiling fans, Amazon sale offers, online shopping deals, best ceiling fans under ₹3000, home appliances deals.",['Crompton'],1,Crompton,False,positive,0.442,179.812
YouTube,oAijlH6RNOY,இனிமேல் Havells தான் 😍 - Best BLDC fan for Home | Havells epic signia BLDC+ ceiling fan review,"Best BLDC fan for Home / BLDC Ceiling Fan / Havells BLDC Fan

--------------------------

Havells Epic Signia BLDC+ Ceiling Fan

Amazon - https://amazon.openinapp.co/i8fj3

Flipkart - https://fktr.in/pf9V40z

Havells - https://bitli.in/olzi1oc

#Havells #BLDCPlusFan #LookUpToHavells #independentscientist 

@havellsindia",Independent scientist,2025-05-29T10:20:51Z,726307.0,15889,188.0,https://youtube.com/watch?v=oAijlH6RNOY,,,,,,,,,,,,energy efficient fan,"இனிமேல் Havells தான் 😍 - Best BLDC fan for Home | Havells epic signia BLDC+ ceiling fan review Best BLDC fan for Home / BLDC Ceiling Fan / Havells BLDC Fan

--------------------------

Havells Epic Signia BLDC+ Ceiling Fan

Amazon - https://amazon.openinapp.co/i8fj3

Flipkart - https://fktr.in/pf9V40z

Havells - https://bitli.in/olzi1oc

#Havells #BLDCPlusFan #LookUpToHavells #independentscientist 

@havellsindia",['Havells'],1,Havells,False,positive,0.55,16991.307
YouTube,TES_KUo50Bo,BLDC fan unit consumption for 24 hours..,,Engineering Facts,2024-09-27T13:22:56Z,3811452.0,137479,524.0,https://youtube.com/watch?v=TES_KUo50Bo,,,,,,,,,,,,energy efficient fan,BLDC fan unit consumption for 24 hours.. nan,[],0,Generic,False,neutral,0.0,142338.452
YouTube,x-hGuT5Gny0,Save upto 50% Electricity with this smart ceiling Aerosense BLDC Pro fan,"Amazon Link:
https://amzn.to/4j82wQP

Website Link:
http://bit.ly/3QRYkZj

This is not just a regular ceiling fan! The Orient Aerosense BLDC Pro is a smart ceiling fan that you can control with Alexa, Google Assistant, and a remote control. 
•⁠  ⁠Aerodynamic Blades for better airflow 
•⁠  ⁠Dust-resistant finish with anti-dust blades 
•⁠  ⁠Built-in LED Light with Adjustable brightness 
•⁠  ⁠Energy Efficient, saving up to 50% on electricity bills.",Mr Techpedia,2025-04-03T13:01:33Z,125423.0,3967,66.0,https://youtube.com/watch?v=x-hGuT5Gny0,,,,,,,,,,,,energy efficient fan,"Save upto 50% Electricity with this smart ceiling Aerosense BLDC Pro fan Amazon Link:
https://amzn.to/4j82wQP

Website Link:
http://bit.ly/3QRYkZj

This is not just a regular ceiling fan! The Orient Aerosense BLDC Pro is a smart ceiling fan that you can control with Alexa, Google Assistant, and a remote control. 
•⁠  ⁠Aerodynamic Blades for better airflow 
•⁠  ⁠Dust-resistant finish with anti-dust blades 
•⁠  ⁠Built-in LED Light with Adjustable brightness 
•⁠  ⁠Energy Efficient, saving up to 50% on electricity bills.",['Orient'],1,Orient,False,positive,0.205,4224.423
YouTube,wOvKxWUW-yc,Best BLDC Fan Under ₹2500 😳 Best BLDC Ceiling Fan in 2025 India 🔥Best Ceiling Fan ✅,,iGadz Unique,2025-02-24T13:50:18Z,666562.0,9606,182.0,https://youtube.com/watch?v=wOvKxWUW-yc,,,,,,,,,,,,energy efficient fan,Best BLDC Fan Under ₹2500 😳 Best BLDC Ceiling Fan in 2025 India 🔥Best Ceiling Fan ✅ nan,[],0,Generic,False,positive,1.0,10636.562
YouTube,VqtKcwpscHg,This Fan takes less power than a LED. Atomberg Renesa BLDC table Fan,Thanks for watching!,AR Smart Reviews,2025-06-04T11:35:18Z,154843.0,3042,52.0,https://youtube.com/watch?v=VqtKcwpscHg,,,,,,,,,,,,energy efficient fan,This Fan takes less power than a LED. Atomberg Renesa BLDC table Fan Thanks for watching!,['Atomberg'],1,Atomberg,True,neutral,0.042,3300.843
YouTube,rX7lkKdowbU,🌀 Best BLDC Ceiling Fan in India 2024 | Atomberg vs Havells vs Crompton vs Orient - Top Picks!,"Upgrade your home with our comprehensive review of the Best BLDC Ceiling Fans in India for 2024! We compare leading brands - Atomberg, Havells, Crompton, and Orient - to help you find the perfect cooling solution. From energy efficiency to performance, we've evaluated it all! Watch now and bring comfort and style to your space with the ultimate ceiling fan. 🏡🌀 #BLDCCeilingFan2024 #CeilingFanComparison #TopPicks #brandinvestigation 

Check to Buy in Amazon India✅

✅𝐀𝐭𝐨𝐦𝐛𝐞𝐫𝐠 Renesa 1200mm BLDC Motor 5 Star Rated Sleek Ceiling Fans with Remote :
https://amzn.to/3wHmYov

✅𝐇𝐚𝐯𝐞𝐥𝐥𝐬 Ambrose Decorative BLDC 1200mm Energy Saving with Remote Control :
https://amzn.to/3OW8l7h

✅𝐂𝐫𝐨𝐦𝐩𝐭𝐨𝐧 Energion Cromair 1200mm High Speed 5S 28W BLDC Ceiling Fan with Remote :
https://amzn.to/48A9XdZ

✅𝐎𝐫𝐢𝐞𝐧𝐭 Electric 1200 mm I Tome Remote | BLDC ceiling fan :
https://amzn.to/48vArNv

🔍 Time-Lapse :
0:00 - Introduction
0:11 - Customer Report
0:48 - Best BLDC Ceiling Fan 2024 
1:03 - Best BLDC Ceiling Fan Brand Comparison
6:10 - Common Features in these BLDC Ceiling Fan Brand
7:18 - Reviews & Rating for Best BLDC Ceiling Fan
7:57 - Important Note for Best BLDC Ceiling Fan
8:35 - Subscription Thanks

***********************************

👉 Topic Covered in this Video :

best bldc ceiling fan in india 2024
best ceiling fan in india
best bldc fan in india
best bldc ceiling fan in india 2024
best bldc ceiling fan in india
best ceiling fan
best bldc ceiling fan
best ceiling fan 2024 in india
bldc ceiling fan
atomberg bldc ceiling fan
crompton bldc ceiling fan
best ceiling fan in india 2024
best ceiling fan 2024 in india
bldc ceiling fan price in india
best bldc fan 2024 in india
best ceiling fan 2024

***********************************

Our Social Accounts:

🔥To Get Offers and Deals on Instagram :
https://instagram.com/brand_investigation

🔥To Get Offers and Deals on WhatsApp Channel :
https://whatsapp.com/channel/0029Va9yNZuKrWQyQdeazW23

🔥To Get Offers and Deals on Telegram Channel :
https://t.me/BrandInvestigation


***********************************

For Business related queries. kindly contact us for further details
Email :  utubebrand@gmail.com

***************************
Copyright Disclaimer under section 107 of the Copyright Act 1976, allowance is made for “fair use” for purposes such as criticism, comment, news reporting, teaching, scholarship, education and research. Fair use is a use permitted Copyright statue that might otherwise be infringing.

********CONTENT DISCLAIMER********

DISCLAIMER: Whatever I expose in this video is my honest opinion. I am not with or against any brand. I judge a product on the basis of its merit. None of the brands/products mentioned are sponsored unless explicitly mentioned. Neither the sponsored brand nor any other brand/organization for that matter has any control over views shared on this channel. 

These Rankings, Reviews, Analyses, views and opinions expressed in this video are not meant to hurt any individual & Organizations. we cannot held liable in such situations.
This channel content of the product exposed from Amazon Affiliate Program.
DISCLAIMER: I get commissions for purchases made through links that are given in this video description. Video content is based on my research and hard work.

Note: The following Content of Comparison is based on customer reviews and experiences, gathered from online reviews and ratings.
It's advisable to do research and compare products from different brands to find the best fit for you.",Brand Investigation,2024-02-28T14:30:19Z,305855.0,2589,118.0,https://youtube.com/watch?v=rX7lkKdowbU,,,,,,,,,,,,energy efficient fan,"🌀 Best BLDC Ceiling Fan in India 2024 | Atomberg vs Havells vs Crompton vs Orient - Top Picks! Upgrade your home with our comprehensive review of the Best BLDC Ceiling Fans in India for 2024! We compare leading brands - Atomberg, Havells, Crompton, and Orient - to help you find the perfect cooling solution. From energy efficiency to performance, we've evaluated it all! Watch now and bring comfort and style to your space with the ultimate ceiling fan. 🏡🌀 #BLDCCeilingFan2024 #CeilingFanComparison #TopPicks #brandinvestigation 

Check to Buy in Amazon India✅

✅𝐀𝐭𝐨𝐦𝐛𝐞𝐫𝐠 Renesa 1200mm BLDC Motor 5 Star Rated Sleek Ceiling Fans with Remote :
https://amzn.to/3wHmYov

✅𝐇𝐚𝐯𝐞𝐥𝐥𝐬 Ambrose Decorative BLDC 1200mm Energy Saving with Remote Control :
https://amzn.to/3OW8l7h

✅𝐂𝐫𝐨𝐦𝐩𝐭𝐨𝐧 Energion Cromair 1200mm High Speed 5S 28W BLDC Ceiling Fan with Remote :
https://amzn.to/48A9XdZ

✅𝐎𝐫𝐢𝐞𝐧𝐭 Electric 1200 mm I Tome Remote | BLDC ceiling fan :
https://amzn.to/48vArNv

🔍 Time-Lapse :
0:00 - Introduction
0:11 - Customer Report
0:48 - Best BLDC Ceiling Fan 2024 
1:03 - Best BLDC Ceiling Fan Brand Comparison
6:10 - Common Features in these BLDC Ceiling Fan Brand
7:18 - Reviews & Rating for Best BLDC Ceiling Fan
7:57 - Important Note for Best BLDC Ceiling Fan
8:35 - Subscription Thanks

***********************************

👉 Topic Covered in this Video :

best bldc ceiling fan in india 2024
best ceiling fan in india
best bldc fan in india
best bldc ceiling fan in india 2024
best bldc ceiling fan in india
best ceiling fan
best bldc ceiling fan
best ceiling fan 2024 in india
bldc ceiling fan
atomberg bldc ceiling fan
crompton bldc ceiling fan
best ceiling fan in india 2024
best ceiling fan 2024 in india
bldc ceiling fan price in india
best bldc fan 2024 in india
best ceiling fan 2024

***********************************

Our Social Accounts:

🔥To Get Offers and Deals on Instagram :
https://instagram.com/brand_investigation

🔥To Get Offers and Deals on WhatsApp Channel :
https://whatsapp.com/channel/0029Va9yNZuKrWQyQdeazW23

🔥To Get Offers and Deals on Telegram Channel :
https://t.me/BrandInvestigation


***********************************

For Business related queries. kindly contact us for further details
Email :  utubebrand@gmail.com

***************************
Copyright Disclaimer under section 107 of the Copyright Act 1976, allowance is made for “fair use” for purposes such as criticism, comment, news reporting, teaching, scholarship, education and research. Fair use is a use permitted Copyright statue that might otherwise be infringing.

********CONTENT DISCLAIMER********

DISCLAIMER: Whatever I expose in this video is my honest opinion. I am not with or against any brand. I judge a product on the basis of its merit. None of the brands/products mentioned are sponsored unless explicitly mentioned. Neither the sponsored brand nor any other brand/organization for that matter has any control over views shared on this channel. 

These Rankings, Reviews, Analyses, views and opinions expressed in this video are not meant to hurt any individual & Organizations. we cannot held liable in such situations.
This channel content of the product exposed from Amazon Affiliate Program.
DISCLAIMER: I get commissions for purchases made through links that are given in this video description. Video content is based on my research and hard work.

Note: The following Content of Comparison is based on customer reviews and experiences, gathered from online reviews and ratings.
It's advisable to do research and compare products from different brands to find the best fit for you.","['Atomberg', 'Havells', 'Orient', 'Crompton']",4,Atomberg,True,positive,0.48,3130.855
YouTube,ahp2ggNLxv8,"Polycab Freshly Prime 150mm Energy Efficient Exhaust fan for Kitchen,","BUY NOW  ...https://amzn.to/3WmkMwB   
About this item
✅【Better Air Quality 】Experience better air quality with the Polycab Freshly Prime 150mm Air Exhaust Fan, ideal for your home, kitchen, bathroom.
✅【Distinctive Sleek Design】Improve air quality and enhance aesthetics with a Stylish Exhaust Fan.
✅【High Speed】Aerodynamic blades , 100% Copper Winding, High Speed Powerful, Noiseless ventilation.
✅【Easy to Clean】Sleek Easy-to-clean design.",ClickCrafter,2025-06-23T04:26:51Z,3011.0,5,0.0,https://youtube.com/watch?v=ahp2ggNLxv8,,,,,,,,,,,,energy efficient fan,"Polycab Freshly Prime 150mm Energy Efficient Exhaust fan for Kitchen, BUY NOW  ...https://amzn.to/3WmkMwB   
About this item
✅【Better Air Quality 】Experience better air quality with the Polycab Freshly Prime 150mm Air Exhaust Fan, ideal for your home, kitchen, bathroom.
✅【Distinctive Sleek Design】Improve air quality and enhance aesthetics with a Stylish Exhaust Fan.
✅【High Speed】Aerodynamic blades , 100% Copper Winding, High Speed Powerful, Noiseless ventilation.
✅【Easy to Clean】Sleek Easy-to-clean design.",['Polycab'],1,Polycab,False,positive,0.423,8.011
YouTube,k28Lo3hELmQ,[NEW 2025]🔥Best BLDC Ceiling Fan In India 2025🔥Best BLDC Ceiling Fan Under ₹2500 - ₹3000,"✨ BUY HERE to Support! (No Promotion – Just Honest Picks) 👇👇👇

✅ Best BLDC Ceiling Fans Under  ₹2,500

🌀 atomberg Ameza👉 https://amzn.to/45Hi0Yc
🌀 Orient Electric Uno BLDC👉 https://amzn.to/41vSvqb

✅ Best BLDC Ceiling Fans Under  ₹3,000

🌀 atomberg Efficio Alpha👉https://amzn.to/4oVUBtH
🌀 Crompton Energion HS👉 https://amzn.to/4p0vWnu

✅ Best BLDC Ceiling Fans Under  ₹3500 - ₹4000

🌀 atomberg Renesa👉 https://amzn.to/4p0QLz8
🌀 atomberg Renesa Elite👉 https://amzn.to/4lXpVp9

✅ Best SMART BLDC Ceiling Fans Under  ₹3500 - ₹4000

🌀 atomberg Renesa Smart👉 https://amzn.to/41RlncP
🌀 atomberg Renesa Elite Smart👉 https://amzn.to/4lPgXdm
🌀 Havells Ambrose👉 https://amzn.to/4fWZONA


👉 Best Amazon Deals & Discounts-  https://amzn.to/4gnfbhI

Looking for the Best BLDC Ceiling Fans in India 2025? 🌬️⚡ In this video, I’ll show you the top BLDC ceiling fans that save up to 65% electricity, run silently, and come with remote control features. Perfect for home & office use in India! 🇮🇳

⏱️ Time Stamps:
00:00 – Intro 🌟
00:45 – Why Choose BLDC Fans? ⚡
03:02 – Top 3 BLDC Ceiling Fans in India 2025 🏆
04:08 – Price, Features & Remote Control Benefits 🎮
04:33 – Final Verdict & Buying Links 📌

📌 Trending Searches in India 🔥:
#BestBLDCCeilingFan #CeilingFan2025 #EnergySavingFan #TopBLDCFan #AtombergFan #CromptonFan #HavellsFan

LET'S CONNECT
🌈 INSTAGRAM (@TechRxHub) ► https://instagram.com/techrxhub
🔵 TELEGRAM (@TechRxHub) ► https://t.me/techrxhub
📧 MAIL ► connect.techrx@gmail.com

TOPIC & QUERY COVERED:
Best BLDC Ceiling Fan in India 2025
BLDC ceiling fan review
energy saving fans India
top BLDC fans 2025
Atomberg BLDC fan review
best ceiling fan with remote 2025
best ceiling fan under 3000 India
best ceiling fan 2025 in india
best bldc fan 2025
bldc ceiling fan
best bldc fan
best bldc ceiling fan
best bldc ceiling fan in india 2025 Hindi
best bldc ceiling fan hindi
best bldc ceiling fan with remote
best bldc ceiling fan under 3000
best bldc ceiling fan 2025
best bldc ceiling fan in india 2025 under 3000
best bldc ceiling fan under 2500
bldc ceiling fan india
bldc ceiling fan Hindi
bldc ceiling fan repair
bldc ceiling fan vs normal ceiling fan
bldc ceiling fan connection
best bldc fans in india 2025
best bldc fan Hindi
best bldc motor
best bldc fan under 3000
best bldc fan 2025 in india
best ceiling fan under 3000
best ceiling fan under 2500
best ceiling fan bldc
best ceiling design
best ceiling fan in india
best ceiling lights for living room
best ceiling fan 2025 in india hindi
best ceiling design for small bedroom
best ceiling fan Hindi
best ceiling light
best ceiling fan
atomberg bldc ceiling fan
crompton bldc ceiling fan
havells bldc ceiling fan
best bldc fan in india
bldc fan review
bldc fan price in india
bldc motor fan
bldc motor fan in india
atomberg bldc fan
best fan under 2000
best fan under 3000
top 5 fans in india
bldc ceiling fan 2025
best smart ceiling fan amazon
best smart ceiling fans
smart ceiling fan review

NOTE: ALL THE IMAGES/PICTURES SHOWN IN THE VIDEO BELONG TO THE RESPECTED OWNERS AND NOT ME. I AM NOT THE OWNER OF ANY PICTURES SHOWN IN THE VIDEO. WE'RE ALSO PART OF THE AMAZON AFFILIATE PROGRAM BY WHICH WE EARN COMMISSIONS ON EVERY SALE.

★ Copyright Disclaimer Under Section 107 of the Copyright Act 1976, allowance is made for ""fair use"" for purposes such as criticism, comment, news reporting, teaching, scholarship, and research. Fair use is a use permitted by copyright statute that might otherwise be infringing. Non-profit, educational, or personal use tips the balance in favor of fair use.",TechRx Home,2025-08-31T04:30:34Z,70490.0,413,61.0,https://youtube.com/watch?v=k28Lo3hELmQ,,,,,,,,,,,,energy efficient fan,"[NEW 2025]🔥Best BLDC Ceiling Fan In India 2025🔥Best BLDC Ceiling Fan Under ₹2500 - ₹3000 ✨ BUY HERE to Support! (No Promotion – Just Honest Picks) 👇👇👇

✅ Best BLDC Ceiling Fans Under  ₹2,500

🌀 atomberg Ameza👉 https://amzn.to/45Hi0Yc
🌀 Orient Electric Uno BLDC👉 https://amzn.to/41vSvqb

✅ Best BLDC Ceiling Fans Under  ₹3,000

🌀 atomberg Efficio Alpha👉https://amzn.to/4oVUBtH
🌀 Crompton Energion HS👉 https://amzn.to/4p0vWnu

✅ Best BLDC Ceiling Fans Under  ₹3500 - ₹4000

🌀 atomberg Renesa👉 https://amzn.to/4p0QLz8
🌀 atomberg Renesa Elite👉 https://amzn.to/4lXpVp9

✅ Best SMART BLDC Ceiling Fans Under  ₹3500 - ₹4000

🌀 atomberg Renesa Smart👉 https://amzn.to/41RlncP
🌀 atomberg Renesa Elite Smart👉 https://amzn.to/4lPgXdm
🌀 Havells Ambrose👉 https://amzn.to/4fWZONA


👉 Best Amazon Deals & Discounts-  https://amzn.to/4gnfbhI

Looking for the Best BLDC Ceiling Fans in India 2025? 🌬️⚡ In this video, I’ll show you the top BLDC ceiling fans that save up to 65% electricity, run silently, and come with remote control features. Perfect for home & office use in India! 🇮🇳

⏱️ Time Stamps:
00:00 – Intro 🌟
00:45 – Why Choose BLDC Fans? ⚡
03:02 – Top 3 BLDC Ceiling Fans in India 2025 🏆
04:08 – Price, Features & Remote Control Benefits 🎮
04:33 – Final Verdict & Buying Links 📌

📌 Trending Searches in India 🔥:
#BestBLDCCeilingFan #CeilingFan2025 #EnergySavingFan #TopBLDCFan #AtombergFan #CromptonFan #HavellsFan

LET'S CONNECT
🌈 INSTAGRAM (@TechRxHub) ► https://instagram.com/techrxhub
🔵 TELEGRAM (@TechRxHub) ► https://t.me/techrxhub
📧 MAIL ► connect.techrx@gmail.com

TOPIC & QUERY COVERED:
Best BLDC Ceiling Fan in India 2025
BLDC ceiling fan review
energy saving fans India
top BLDC fans 2025
Atomberg BLDC fan review
best ceiling fan with remote 2025
best ceiling fan under 3000 India
best ceiling fan 2025 in india
best bldc fan 2025
bldc ceiling fan
best bldc fan
best bldc ceiling fan
best bldc ceiling fan in india 2025 Hindi
best bldc ceiling fan hindi
best bldc ceiling fan with remote
best bldc ceiling fan under 3000
best bldc ceiling fan 2025
best bldc ceiling fan in india 2025 under 3000
best bldc ceiling fan under 2500
bldc ceiling fan india
bldc ceiling fan Hindi
bldc ceiling fan repair
bldc ceiling fan vs normal ceiling fan
bldc ceiling fan connection
best bldc fans in india 2025
best bldc fan Hindi
best bldc motor
best bldc fan under 3000
best bldc fan 2025 in india
best ceiling fan under 3000
best ceiling fan under 2500
best ceiling fan bldc
best ceiling design
best ceiling fan in india
best ceiling lights for living room
best ceiling fan 2025 in india hindi
best ceiling design for small bedroom
best ceiling fan Hindi
best ceiling light
best ceiling fan
atomberg bldc ceiling fan
crompton bldc ceiling fan
havells bldc ceiling fan
best bldc fan in india
bldc fan review
bldc fan price in india
bldc motor fan
bldc motor fan in india
atomberg bldc fan
best fan under 2000
best fan under 3000
top 5 fans in india
bldc ceiling fan 2025
best smart ceiling fan amazon
best smart ceiling fans
smart ceiling fan review

NOTE: ALL THE IMAGES/PICTURES SHOWN IN THE VIDEO BELONG TO THE RESPECTED OWNERS AND NOT ME. I AM NOT THE OWNER OF ANY PICTURES SHOWN IN THE VIDEO. WE'RE ALSO PART OF THE AMAZON AFFILIATE PROGRAM BY WHICH WE EARN COMMISSIONS ON EVERY SALE.

★ Copyright Disclaimer Under Section 107 of the Copyright Act 1976, allowance is made for ""fair use"" for purposes such as criticism, comment, news reporting, teaching, scholarship, and research. Fair use is a use permitted by copyright statute that might otherwise be infringing. Non-profit, educational, or personal use tips the balance in favor of fair use.","['Atomberg', 'Havells', 'Orient', 'Crompton']",4,Atomberg,True,positive,0.715,605.49
YouTube,CuhCDNq7gpY,BLDC Fan vs Normal Fan 💡 | Real Electricity Cost Comparison & Savings Explained (2025),"BLDC Fans vs Normal Fans — Which one actually saves more electricity and money? Let’s break it down with real numbers. 💸⚡

If you’re planning to upgrade your ceiling fans or moving into a new home, this video is a must-watch. We compare the initial cost, power consumption, and long-term savings between a regular fan and a BLDC (Brushless Direct Current) fan.

🔍 Key Comparison:
 • Normal Fan Price: ₹2,500 | Power: 80W
 • BLDC Fan Price: ₹3,500 | Power: 35W
 • Daily Usage: 12 hours
 • Electricity Rate: ₹10/unit

💰 Annual Electricity Bill:
 • Normal Fan: ₹3,500
 • BLDC Fan: ₹1,533
 • Annual Savings: ₹2,000+ per fan
 • 5-Year Savings: ₹10,000+
 • With 10 fans: Save ₹1 Lakh in 5 years!

📈 ROI Tip: You recover the extra ₹1,000 you spend on a BLDC fan in just 1 year.

✅ Lower your electricity bill
✅ Make an eco-friendly upgrade
✅ Future-proof your home with energy-efficient tech

🔔 Don’t forget to Like, Comment, and Subscribe for more smart money-saving and tech upgrade videos!

📲 Follow @IdeaMan on Instagram & LinkedIn for daily insights",idea____Man,2025-07-04T07:33:30Z,29702.0,720,16.0,https://youtube.com/watch?v=CuhCDNq7gpY,,,,,,,,,,,,energy efficient fan,"BLDC Fan vs Normal Fan 💡 | Real Electricity Cost Comparison & Savings Explained (2025) BLDC Fans vs Normal Fans — Which one actually saves more electricity and money? Let’s break it down with real numbers. 💸⚡

If you’re planning to upgrade your ceiling fans or moving into a new home, this video is a must-watch. We compare the initial cost, power consumption, and long-term savings between a regular fan and a BLDC (Brushless Direct Current) fan.

🔍 Key Comparison:
 • Normal Fan Price: ₹2,500 | Power: 80W
 • BLDC Fan Price: ₹3,500 | Power: 35W
 • Daily Usage: 12 hours
 • Electricity Rate: ₹10/unit

💰 Annual Electricity Bill:
 • Normal Fan: ₹3,500
 • BLDC Fan: ₹1,533
 • Annual Savings: ₹2,000+ per fan
 • 5-Year Savings: ₹10,000+
 • With 10 fans: Save ₹1 Lakh in 5 years!

📈 ROI Tip: You recover the extra ₹1,000 you spend on a BLDC fan in just 1 year.

✅ Lower your electricity bill
✅ Make an eco-friendly upgrade
✅ Future-proof your home with energy-efficient tech

🔔 Don’t forget to Like, Comment, and Subscribe for more smart money-saving and tech upgrade videos!

📲 Follow @IdeaMan on Instagram & LinkedIn for daily insights",[],0,Generic,False,positive,0.119,781.702
YouTube,upoKJyGV3rw,BLDC Fan Vs Normal Fan 🔥 Why Choose BLDC Fans? 🔥 #shorts #viral #india,BLDC fans are outperforming our traditional normal ceiling fans. Know the reasons why they are better and who should buy them... youtube@khojdeal.com,Khojdeal,2024-03-07T07:30:27Z,134726.0,2532,58.0,https://youtube.com/watch?v=upoKJyGV3rw,,,,,,,,,,,,energy efficient fan,BLDC Fan Vs Normal Fan 🔥 Why Choose BLDC Fans? 🔥 #shorts #viral #india BLDC fans are outperforming our traditional normal ceiling fans. Know the reasons why they are better and who should buy them... youtube@khojdeal.com,[],0,Generic,False,positive,0.2,2782.726
YouTube,zoJRIKAvfeI,Top 5 Ceiling Fan in India 2025 🔥 Best Ceiling Fan Under 1500 🔥 Budget Fans 🔥 Mr Known,"✅Bajaj Frore                           https://amzn.to/4aJIwkx
✅Crompton SUREBREEZE   https://amzn.to/3Q3BGwu
✅Orient Electric Apex           https://amzn.to/42DWfaz
✅LONGWAY Starlite              https://amzn.to/42KxSYU
✅ACTIVA                                 https://amzn.to/3Q4svfl

#budgetceilingfan #bestceilingfanforhome #fanunder1500 #mrknown #top5ceilingfan #ceilingfan 
If you buy a Ceiling Fan in 2025, you will get 100s of options. Not anymore! I will review and recommend the Best Ceiling Fans in India in 2025 in this video. Generally, people need to pay attention to this topic because buying the Best Ceiling Fan for your home or office in India is essential. After thoroughly testing and checking over 10 Models of Ceiling Fans across all Brands in India, I will recommend the Top 5 Best Ceiling Fan 2025 for the home or office. 

TimeStamp.
0:00 Intro
0:10 Ceiling Fan Buying Parameter
2:11 Top 5 Best Ceiling Fan in India under 1500

For Business Contact: aamirsalahu@gmail.com

TOPIC & QUERY COVERED:
best ceiling fan 2025,best ceiling fan under 1500,best ceiling fan in india 2025,best ceiling fan,ceiling fan,best bldc fan 2025,bldc fan,bldc ceiling fan,best ceiling fan under 2000,best ceiling fan under 1000,best ceiling fan for home,ceiling fan under 1500,best ceiling fans in india with price,best ceiling fans for home,ceiling fan for office,best ceiling fans 2025,best ceiling fans review 2025,best ceiling fans for bedroom,smart ceiling fan with bldc,Best Ceiling Fan 2025 In India,Best Designer Ceiling Fan 2025,top 5 best ceiling fan in india 2025,Top 5 best ceiling fan,5 best ceiling fan 2025,ceiling fan reviews,Best Ceiling Fan 2025 under 2000,anti dust ceiling fan in india 2025,antidust ceiling fans,dust free ceiling fan 2025,best ceiling fan under 1200,ceiling fan under 2000,best ceiling designer fan,best ceiling fan in india,best ceiling fan Hindi,best fan under 1500,best fan under 2000,best fan under 1300,top 5 fans in india,best bldc ceiling fan in india 2025,best bldc fan,best bldc ceiling fan,best bldc ceiling fan in india 2025 Hindi,best bldc ceiling fan hindi,best bldc ceiling fan with remote,best bldc ceiling fan under 3000,best bldc ceiling fan 2025,best bldc ceiling fan under 2000,bldc ceiling fan india,best bldc fans in india 2025,best bldc motor,best bldc fan under 3000,best bldc fan 2025 in india,best ceiling fan under 3200,best ceiling fan bldc,best bldc fan in india,bldc fan review,bldc motor fan in india,atomberg bldc fan,best fan under 3000,best bldc ceiling fan in india,atomberg bldc ceiling fan,crompton bldc ceiling fan,bldc ceiling fan price in india,Activa Gracia,Bajaj Energos,Crompton Energion Hyperjet,Atomberg Efficio Alpha,Havells Glaze,Kuhl Arctis A4,Polycab Silencio,Crompton Energion Cromair,Atomberg Efficio,Polycab Affeciente Neo,V-Guard Ecowind Prime,Havells Efficiencia Neo,Atomberg Renesa Enzel,Crompton Energion HS,Atomberg Renesa,Superfan X1,Atomberg Renesa Smart,Havells Ambrose,Havells Festiva,Superfan Carbon,Superfan A1,Atomberg Erica,Atomberg Studio+,V-Guard INSIGHT-G,Atomberg Renesa Smart+,Superfan Super Q,Atomberg Studio Smart+,NNEX Dryft,Havells Stealth Air Neo,Usha Heleous",MR KNOWN,2025-02-12T15:00:01Z,235414.0,1687,64.0,https://youtube.com/watch?v=zoJRIKAvfeI,,,,,,,,,,,,energy efficient fan,"Top 5 Ceiling Fan in India 2025 🔥 Best Ceiling Fan Under 1500 🔥 Budget Fans 🔥 Mr Known ✅Bajaj Frore                           https://amzn.to/4aJIwkx
✅Crompton SUREBREEZE   https://amzn.to/3Q3BGwu
✅Orient Electric Apex           https://amzn.to/42DWfaz
✅LONGWAY Starlite              https://amzn.to/42KxSYU
✅ACTIVA                                 https://amzn.to/3Q4svfl

#budgetceilingfan #bestceilingfanforhome #fanunder1500 #mrknown #top5ceilingfan #ceilingfan 
If you buy a Ceiling Fan in 2025, you will get 100s of options. Not anymore! I will review and recommend the Best Ceiling Fans in India in 2025 in this video. Generally, people need to pay attention to this topic because buying the Best Ceiling Fan for your home or office in India is essential. After thoroughly testing and checking over 10 Models of Ceiling Fans across all Brands in India, I will recommend the Top 5 Best Ceiling Fan 2025 for the home or office. 

TimeStamp.
0:00 Intro
0:10 Ceiling Fan Buying Parameter
2:11 Top 5 Best Ceiling Fan in India under 1500

For Business Contact: aamirsalahu@gmail.com

TOPIC & QUERY COVERED:
best ceiling fan 2025,best ceiling fan under 1500,best ceiling fan in india 2025,best ceiling fan,ceiling fan,best bldc fan 2025,bldc fan,bldc ceiling fan,best ceiling fan under 2000,best ceiling fan under 1000,best ceiling fan for home,ceiling fan under 1500,best ceiling fans in india with price,best ceiling fans for home,ceiling fan for office,best ceiling fans 2025,best ceiling fans review 2025,best ceiling fans for bedroom,smart ceiling fan with bldc,Best Ceiling Fan 2025 In India,Best Designer Ceiling Fan 2025,top 5 best ceiling fan in india 2025,Top 5 best ceiling fan,5 best ceiling fan 2025,ceiling fan reviews,Best Ceiling Fan 2025 under 2000,anti dust ceiling fan in india 2025,antidust ceiling fans,dust free ceiling fan 2025,best ceiling fan under 1200,ceiling fan under 2000,best ceiling designer fan,best ceiling fan in india,best ceiling fan Hindi,best fan under 1500,best fan under 2000,best fan under 1300,top 5 fans in india,best bldc ceiling fan in india 2025,best bldc fan,best bldc ceiling fan,best bldc ceiling fan in india 2025 Hindi,best bldc ceiling fan hindi,best bldc ceiling fan with remote,best bldc ceiling fan under 3000,best bldc ceiling fan 2025,best bldc ceiling fan under 2000,bldc ceiling fan india,best bldc fans in india 2025,best bldc motor,best bldc fan under 3000,best bldc fan 2025 in india,best ceiling fan under 3200,best ceiling fan bldc,best bldc fan in india,bldc fan review,bldc motor fan in india,atomberg bldc fan,best fan under 3000,best bldc ceiling fan in india,atomberg bldc ceiling fan,crompton bldc ceiling fan,bldc ceiling fan price in india,Activa Gracia,Bajaj Energos,Crompton Energion Hyperjet,Atomberg Efficio Alpha,Havells Glaze,Kuhl Arctis A4,Polycab Silencio,Crompton Energion Cromair,Atomberg Efficio,Polycab Affeciente Neo,V-Guard Ecowind Prime,Havells Efficiencia Neo,Atomberg Renesa Enzel,Crompton Energion HS,Atomberg Renesa,Superfan X1,Atomberg Renesa Smart,Havells Ambrose,Havells Festiva,Superfan Carbon,Superfan A1,Atomberg Erica,Atomberg Studio+,V-Guard INSIGHT-G,Atomberg Renesa Smart+,Superfan Super Q,Atomberg Studio Smart+,NNEX Dryft,Havells Stealth Air Neo,Usha Heleous","['Atomberg', 'Havells', 'Orient', 'Crompton', 'Usha', 'Bajaj', 'Superfan', 'Polycab']",8,Atomberg,True,positive,0.705,2050.414
YouTube,9KDnZMuZzkg,BLDC fan comparison 🔥🔥 #shortsindia #bldcfan,,imrankerofficial,2024-09-19T07:08:06Z,1108229.0,19974,140.0,https://youtube.com/watch?v=9KDnZMuZzkg,,,,,,,,,,,,energy efficient fan,BLDC fan comparison 🔥🔥 #shortsindia #bldcfan nan,[],0,Generic,False,neutral,0.0,21362.229
YouTube,cjIOnluLXAk,Crompton SUREBREEZE SEA SAPPHIRA 1200 mm Ceiling Fan for Home | BEE Star Rated Energy Efficient Fan,"Product details 
Amazon link: https://amzn.to/4gGSzZM
Flipkart link: https://fktr.in/M4SlHpY

Crompton SUREBREEZE SEA SAPPHIRA 1200 mm Ceiling Fan for Home | BEE Star Rated Energy Efficient Fan | Superior Air Delivery | HighSpeed | 2 Years Warranty | (Lustre Brown), Pack of 1 

CashKaro
referral link : https://cashkaro.com/join?r=12778608&fname=Aluri%20varaprasad
app link : https://cashk.app.link/EfyRaW6ikFb

Products used for making this video
1. Nothing phone 2 : https://fktr.in/9S7wycC
2. Tripod :  https://amzn.to/48YgVuh
3. Mouse and keyboard : https://amzn.to/3xjxsLl
4. LG Monitor 32inch : https://amzn.to/3TF3jxp
5. HEYMIX Dual Monitor Arm  : https://amzn.to/3WwEqXN
6. Light: https://amzn.to/3YnRT54
7. Tabletop Stand: https://amzn.to/3YlOqUD
8. Backdrop: https://amzn.to/3YrzQuS
9. Samsung Galaxy S24 Ultra: https://amzn.to/4hBgYkk

Share, Support, Subscribe!!!
Subscribe: https://www.youtube.com/channel/UCM796HcaGo1aM1V3il8Uj6A?sub_confirmation=1
My amazon influencer store: https://www.amazon.in/shop/wenodh
Youtube: https://youtube.com/@wenodh?si=kHw1PffTi7pyBJRs 
Instagram: https://www.instagram.com/wenodh7/

#trending #tendingvideo #trending #trendingvideo #trendingvideos #unboxing #unboxingvideo #amazon #amazonproducts #flipkart #we_nodh #newproducts #newproduct
#trending #trendingvideo #trend #flipkart #unboxing #unbox #unboxingvideo  #amazon #amazoninfluencer 

Disclaimer:
It doesn't feel good to have a disclaimer in every video but this is how the world is right now. 
All videos are for educational purposes and use them wisely. Any video may have a slight mistake, please make decisions based on your research. This video is not forcing anything on you.

All links are affiliate links (If any).",Wenodh,2025-01-21T04:30:17Z,18438.0,138,5.0,https://youtube.com/watch?v=cjIOnluLXAk,,,,,,,,,,,,energy efficient fan,"Crompton SUREBREEZE SEA SAPPHIRA 1200 mm Ceiling Fan for Home | BEE Star Rated Energy Efficient Fan Product details 
Amazon link: https://amzn.to/4gGSzZM
Flipkart link: https://fktr.in/M4SlHpY

Crompton SUREBREEZE SEA SAPPHIRA 1200 mm Ceiling Fan for Home | BEE Star Rated Energy Efficient Fan | Superior Air Delivery | HighSpeed | 2 Years Warranty | (Lustre Brown), Pack of 1 

CashKaro
referral link : https://cashkaro.com/join?r=12778608&fname=Aluri%20varaprasad
app link : https://cashk.app.link/EfyRaW6ikFb

Products used for making this video
1. Nothing phone 2 : https://fktr.in/9S7wycC
2. Tripod :  https://amzn.to/48YgVuh
3. Mouse and keyboard : https://amzn.to/3xjxsLl
4. LG Monitor 32inch : https://amzn.to/3TF3jxp
5. HEYMIX Dual Monitor Arm  : https://amzn.to/3WwEqXN
6. Light: https://amzn.to/3YnRT54
7. Tabletop Stand: https://amzn.to/3YlOqUD
8. Backdrop: https://amzn.to/3YrzQuS
9. Samsung Galaxy S24 Ultra: https://amzn.to/4hBgYkk

Share, Support, Subscribe!!!
Subscribe: https://www.youtube.com/channel/UCM796HcaGo1aM1V3il8Uj6A?sub_confirmation=1
My amazon influencer store: https://www.amazon.in/shop/wenodh
Youtube: https://youtube.com/@wenodh?si=kHw1PffTi7pyBJRs 
Instagram: https://www.instagram.com/wenodh7/

#trending #tendingvideo #trending #trendingvideo #trendingvideos #unboxing #unboxingvideo #amazon #amazonproducts #flipkart #we_nodh #newproducts #newproduct
#trending #trendingvideo #trend #flipkart #unboxing #unbox #unboxingvideo  #amazon #amazoninfluencer 

Disclaimer:
It doesn't feel good to have a disclaimer in every video but this is how the world is right now. 
All videos are for educational purposes and use them wisely. Any video may have a slight mistake, please make decisions based on your research. This video is not forcing anything on you.

All links are affiliate links (If any).",['Crompton'],1,Crompton,False,positive,0.464,166.438
YouTube,ZWzzlS2rCjs,Best Fan Under 1500 | Top Budget-Friendly Cooling Solutions for 2025,"Orient Electric Apex FX - https://amzn.to/4ho7GHT

Watch full video - https://youtu.be/8Hq2aTv0mgM

Looking for the best fan under 1500? This video covers the top budget-friendly cooling solutions for 2025! We’ve curated a list of the best affordable ceiling fans, table fans, and pedestal fans that deliver excellent performance without breaking the bank. Whether you need a fan for small rooms, a quiet fan, or a high-speed fan, we’ve got you covered. Discover energy-efficient fans under 1500 that help you save on electricity bills while keeping you cool. We’ll also highlight durable fans, compact designs, and fans with remote controls for added convenience. If you’re searching for the best fan for summer 2025 or a low-cost cooling solution, this guide will help you make the right choice. Don’t miss our recommendations for the best fan brands under 1500 and value-for-money options that combine quality and affordability.

#BestFanUnder1500 #AffordableFans #BudgetFans2025 #CheapCeilingFans #EnergyEfficientFans #BestTableFan #BestPedestalFan #LowCostCooling #BestFanBrands #HighSpeedFans #WallMountedFan #DurableFans #BestFanForSummer #QuietFans #FanWithRemote #CompactFans #HomeCoolingSolutions #ValueForMoneyFans #SummerEssentials #CoolingOnABudget

Best Fan Under 1500

Affordable Ceiling Fans

Best Budget Fan 2025

Top Fans Under 1500

Cheap Ceiling Fans

Best Fan for Small Rooms

Energy Efficient Fans Under 1500

Best Table Fan Under 1500

Best Pedestal Fan Under 1500

Low-Cost Cooling Solutions

Best Fan Brands Under 1500

High-Speed Fans Under 1500

Best Wall-Mounted Fan Under 1500

Durable Fans Under 1500

Best Fan for Summer 2025

Quiet Fans Under 1500

Best Fan with Remote Under 1500

Compact Fans Under 1500

Best Fan for Home Use Under 1500

Value-for-Money Fans",EMM VLOGS,2025-02-11T13:30:31Z,141034.0,1564,12.0,https://youtube.com/watch?v=ZWzzlS2rCjs,,,,,,,,,,,,energy efficient fan,"Best Fan Under 1500 | Top Budget-Friendly Cooling Solutions for 2025 Orient Electric Apex FX - https://amzn.to/4ho7GHT

Watch full video - https://youtu.be/8Hq2aTv0mgM

Looking for the best fan under 1500? This video covers the top budget-friendly cooling solutions for 2025! We’ve curated a list of the best affordable ceiling fans, table fans, and pedestal fans that deliver excellent performance without breaking the bank. Whether you need a fan for small rooms, a quiet fan, or a high-speed fan, we’ve got you covered. Discover energy-efficient fans under 1500 that help you save on electricity bills while keeping you cool. We’ll also highlight durable fans, compact designs, and fans with remote controls for added convenience. If you’re searching for the best fan for summer 2025 or a low-cost cooling solution, this guide will help you make the right choice. Don’t miss our recommendations for the best fan brands under 1500 and value-for-money options that combine quality and affordability.

#BestFanUnder1500 #AffordableFans #BudgetFans2025 #CheapCeilingFans #EnergyEfficientFans #BestTableFan #BestPedestalFan #LowCostCooling #BestFanBrands #HighSpeedFans #WallMountedFan #DurableFans #BestFanForSummer #QuietFans #FanWithRemote #CompactFans #HomeCoolingSolutions #ValueForMoneyFans #SummerEssentials #CoolingOnABudget

Best Fan Under 1500

Affordable Ceiling Fans

Best Budget Fan 2025

Top Fans Under 1500

Cheap Ceiling Fans

Best Fan for Small Rooms

Energy Efficient Fans Under 1500

Best Table Fan Under 1500

Best Pedestal Fan Under 1500

Low-Cost Cooling Solutions

Best Fan Brands Under 1500

High-Speed Fans Under 1500

Best Wall-Mounted Fan Under 1500

Durable Fans Under 1500

Best Fan for Summer 2025

Quiet Fans Under 1500

Best Fan with Remote Under 1500

Compact Fans Under 1500

Best Fan for Home Use Under 1500

Value-for-Money Fans",['Orient'],1,Orient,False,positive,0.631,1729.034
YouTube,bEfDyygmKDQ,The 5 Best Energy Efficient Fans of 2021,"☛ All The Links to Best Energy Efficient Fans listed in this Video:-

►5. Genesis Twin Window Fan.
https://www.amazon.com/dp/B01CK64AQG?tag=trcbpy-20

► 4. Lasko Electric Oscillating Tower Fan.
https://www.amazon.com/dp/B000RL3UJA?tag=trcbpy-20

► 3. Monte Carlo Maverick 60 in. Indoor/Outdoor Matte Black Ceiling Fan.
https://www.amazon.com/dp/B01HN1WLFK?tag=trcbpy-20

► 2. Panasonic WhisperValue 0.3-Sone 110-CFM White Bathroom Fan.
https://www.amazon.com/dp/B06W2LB17J?tag=trcbpy-20

►1.Minka Aire F868L-BN Sleek 60"" Ceiling Fan with LED Light and Remote Control  https://www.amazon.com/dp/B07ND49MBT?tag=trcbpy-20",The Right Choice,2021-09-09T17:43:03Z,1192.0,10,0.0,https://youtube.com/watch?v=bEfDyygmKDQ,,,,,,,,,,,,energy efficient fan,"The 5 Best Energy Efficient Fans of 2021 ☛ All The Links to Best Energy Efficient Fans listed in this Video:-

►5. Genesis Twin Window Fan.
https://www.amazon.com/dp/B01CK64AQG?tag=trcbpy-20

► 4. Lasko Electric Oscillating Tower Fan.
https://www.amazon.com/dp/B000RL3UJA?tag=trcbpy-20

► 3. Monte Carlo Maverick 60 in. Indoor/Outdoor Matte Black Ceiling Fan.
https://www.amazon.com/dp/B01HN1WLFK?tag=trcbpy-20

► 2. Panasonic WhisperValue 0.3-Sone 110-CFM White Bathroom Fan.
https://www.amazon.com/dp/B06W2LB17J?tag=trcbpy-20

►1.Minka Aire F868L-BN Sleek 60"" Ceiling Fan with LED Light and Remote Control  https://www.amazon.com/dp/B07ND49MBT?tag=trcbpy-20",[],0,Generic,False,positive,0.356,11.192
YouTube,3UjLYCW8UM4,BLDC வாங்குறது worth-ஆ?,"My Studio products: https://amzn.to/49teYp5
My Amazon profile: https://amzn.to/3vyGSlI
Follow me on:
Facebook : https://www.facebook.com/buyingfacts
Instagram: https://www.instagram.com/syedimran.ef
Twitter: https://twitter.com/Eng_Facts_Tamil
----------------------------------------------------------------------------------------------------------------------
Contact Info:
query.ef@gmail.com

#buyingfacts #buyingfactstamil",Buying Facts,2025-06-28T13:06:45Z,2130631.0,91344,601.0,https://youtube.com/watch?v=3UjLYCW8UM4,,,,,,,,,,,,energy efficient fan,"BLDC வாங்குறது worth-ஆ? My Studio products: https://amzn.to/49teYp5
My Amazon profile: https://amzn.to/3vyGSlI
Follow me on:
Facebook : https://www.facebook.com/buyingfacts
Instagram: https://www.instagram.com/syedimran.ef
Twitter: https://twitter.com/Eng_Facts_Tamil
----------------------------------------------------------------------------------------------------------------------
Contact Info:
query.ef@gmail.com

#buyingfacts #buyingfactstamil",[],0,Generic,False,neutral,0.0,94676.631
YouTube,NO3L0Q8tYZU,"Havells 1200mm Efficiencia Neo BLDC Motor Ceiling Fan – Energy Efficient, Stylish & Powerful!","Havells 1200mm Efficiencia Neo BLDC Motor Ceiling Fan – Energy Efficient, Stylish & Powerful!

Description:
Discover the ultimate in ceiling fan innovation with the Havells 1200mm Efficiencia Neo BLDC Motor Ceiling Fan. Featuring advanced BLDC motor technology, this fan ensures superior energy efficiency, quiet operation, and powerful airflow. Perfect for modern homes, the Efficiencia Neo blends style with functionality, offering sleek design and robust performance. Watch this video to learn more about its unique features, installation tips, and why it's the ideal choice for your cooling needs. Don't forget to like, share, and subscribe for more product reviews and home improvement tips!

#HavellsFan #BLDCMotor #CeilingFan #EnergyEfficient #HomeImprovement #HavellsEfficienciaNeo #CeilingFanReview",Daily Review Tales,2024-07-25T06:30:14Z,45.0,1,0.0,https://youtube.com/watch?v=NO3L0Q8tYZU,,,,,,,,,,,,energy efficient fan,"Havells 1200mm Efficiencia Neo BLDC Motor Ceiling Fan – Energy Efficient, Stylish & Powerful! Havells 1200mm Efficiencia Neo BLDC Motor Ceiling Fan – Energy Efficient, Stylish & Powerful!

Description:
Discover the ultimate in ceiling fan innovation with the Havells 1200mm Efficiencia Neo BLDC Motor Ceiling Fan. Featuring advanced BLDC motor technology, this fan ensures superior energy efficiency, quiet operation, and powerful airflow. Perfect for modern homes, the Efficiencia Neo blends style with functionality, offering sleek design and robust performance. Watch this video to learn more about its unique features, installation tips, and why it's the ideal choice for your cooling needs. Don't forget to like, share, and subscribe for more product reviews and home improvement tips!

#HavellsFan #BLDCMotor #CeilingFan #EnergyEfficient #HomeImprovement #HavellsEfficienciaNeo #CeilingFanReview",['Havells'],1,Havells,False,positive,0.45,1.045
YouTube,q29PY_oHbSI,Polycab Wizzy Neo BLDC  Ceiling Fan #fan,"Polycab Wizzy Neo is a smart, affordable, and energy-efficient BLDC ceiling fan ideal for every Indian home. Featuring 1200mm sweep, 55% energy saving, RF remote, reverse rotation mode, and free installation, this fan delivers powerful airflow with ultra-low power consumption. It's stylish, durable with 100% copper winding, and offers convenient features like 6-speed controls, timer, and sleep mode. In short, it’s the perfect budget-friendly upgrade for comfort and savings.

#PolycabWizzyNeo #BLDCFan #EnergySavingFan

Your Search Keywords:
Polycab Wizzy Neo
Polycab BLDC fan
Polycab Wizzy Neo review
Polycab ceiling fan
Polycab Wizzy Neo fan
Wizzy Neo BLDC fan
Polycab fan
Polycab fan review
Polycab fan installation
Polycab Wizzy Neo price
Best BLDC fan
Budget BLDC fan
5-Star BLDC fan
BLDC fan India
Energy-efficient fan
Low power consumption fan
Fan with 55% energy saving
Best energy-saving fan
Polycab energy saving fan
Energy saving ceiling fan
BLDC ceiling fan 2024
Best BLDC ceiling fan under 3500
Ceiling fan with remote control
RF remote ceiling fan
Fan with timer function
Ceiling fan with sleep mode
Remote control ceiling fan
BLDC fan with remote
Ceiling fan with boost mode
6-speed ceiling fan
Smart ceiling fan
Automatic shut-off fan
Multi-fan pairing remote
Free installation fan
Easy installation fan
Aluminium body ceiling fan
Aluminium blade ceiling fan
100% copper winding fan
Durable ceiling fan
High air delivery ceiling fan
225 CMM air delivery fan
High-speed BLDC fan
380 RPM ceiling fan
BLDC fan motor
Fan with reversible rotation
Fan for winters
Reverse mode fan
BLDC reversible fan
Ceiling fan for AC rooms
Ceiling fan for summer and winter
Polycab Wizzy Neo vs Atomberg
Polycab fan vs Havells fan
Polycab Wizzy Neo vs Crompton Energion
Best BLDC fan under 3500
Best BLDC fan Amazon
Best BLDC fan Flipkart
Best budget ceiling fan India
BLDC fan under 4000
Top ceiling fans 2024
Technical Keywords:
Sweep size 1200mm fan
Aluminium blade fan
Aluminium body ceiling fan
Copper winding fan
Air delivery 225 CMM fan
35W ceiling fan
Polycab BLDC technology
Ceiling fan installation
Polycab free installation
Ceiling fan installation guide
Free installation ceiling fan
DIY ceiling fan install
YouTube & SEO Optimized Keywords:
Polycab Wizzy Neo BLDC fan unboxing
Polycab Wizzy Neo BLDC fan review
Polycab Wizzy Neo fan installation guide
Polycab BLDC fan demo
Best Polycab fan 2024
Best energy-saving ceiling fan India
BLDC fan full review and test
Ceiling fan buying guide India
Polycab BLDC ceiling fan price",DeviceIN,2025-03-12T05:30:19Z,72310.0,1051,57.0,https://youtube.com/watch?v=q29PY_oHbSI,,,,,,,,,,,,energy efficient fan,"Polycab Wizzy Neo BLDC  Ceiling Fan #fan Polycab Wizzy Neo is a smart, affordable, and energy-efficient BLDC ceiling fan ideal for every Indian home. Featuring 1200mm sweep, 55% energy saving, RF remote, reverse rotation mode, and free installation, this fan delivers powerful airflow with ultra-low power consumption. It's stylish, durable with 100% copper winding, and offers convenient features like 6-speed controls, timer, and sleep mode. In short, it’s the perfect budget-friendly upgrade for comfort and savings.

#PolycabWizzyNeo #BLDCFan #EnergySavingFan

Your Search Keywords:
Polycab Wizzy Neo
Polycab BLDC fan
Polycab Wizzy Neo review
Polycab ceiling fan
Polycab Wizzy Neo fan
Wizzy Neo BLDC fan
Polycab fan
Polycab fan review
Polycab fan installation
Polycab Wizzy Neo price
Best BLDC fan
Budget BLDC fan
5-Star BLDC fan
BLDC fan India
Energy-efficient fan
Low power consumption fan
Fan with 55% energy saving
Best energy-saving fan
Polycab energy saving fan
Energy saving ceiling fan
BLDC ceiling fan 2024
Best BLDC ceiling fan under 3500
Ceiling fan with remote control
RF remote ceiling fan
Fan with timer function
Ceiling fan with sleep mode
Remote control ceiling fan
BLDC fan with remote
Ceiling fan with boost mode
6-speed ceiling fan
Smart ceiling fan
Automatic shut-off fan
Multi-fan pairing remote
Free installation fan
Easy installation fan
Aluminium body ceiling fan
Aluminium blade ceiling fan
100% copper winding fan
Durable ceiling fan
High air delivery ceiling fan
225 CMM air delivery fan
High-speed BLDC fan
380 RPM ceiling fan
BLDC fan motor
Fan with reversible rotation
Fan for winters
Reverse mode fan
BLDC reversible fan
Ceiling fan for AC rooms
Ceiling fan for summer and winter
Polycab Wizzy Neo vs Atomberg
Polycab fan vs Havells fan
Polycab Wizzy Neo vs Crompton Energion
Best BLDC fan under 3500
Best BLDC fan Amazon
Best BLDC fan Flipkart
Best budget ceiling fan India
BLDC fan under 4000
Top ceiling fans 2024
Technical Keywords:
Sweep size 1200mm fan
Aluminium blade fan
Aluminium body ceiling fan
Copper winding fan
Air delivery 225 CMM fan
35W ceiling fan
Polycab BLDC technology
Ceiling fan installation
Polycab free installation
Ceiling fan installation guide
Free installation ceiling fan
DIY ceiling fan install
YouTube & SEO Optimized Keywords:
Polycab Wizzy Neo BLDC fan unboxing
Polycab Wizzy Neo BLDC fan review
Polycab Wizzy Neo fan installation guide
Polycab BLDC fan demo
Best Polycab fan 2024
Best energy-saving ceiling fan India
BLDC fan full review and test
Ceiling fan buying guide India
Polycab BLDC ceiling fan price","['Atomberg', 'Havells', 'Crompton', 'Polycab']",4,Atomberg,True,positive,0.445,1237.31
YouTube,NOOnVYNBa6g,This Fan Saves More Energy ⚡ | Superfan Super X1 #Shorts #EnergySaver,"Superfan Super X1 – the 5-star rated ceiling fan that gives you super air with super savings.

Key Features:

🌀 Consumes less energy – saves up to ₹1500/year
🌀 Powerful airflow even at low wattage
🌀 Stylish finish that fits your modern interiors
🌀 Silent performance – no humming noise

Switch to Superfan. Save Energy. Save Money.

Don't forget to like, share, and subscribe for more insightful content!
👉For more details, visit www.superfan.in
👉Also available on Amazon and Flipkart
👉FACEBOOK:   / superfanceilingfan  
👉TWITTER:  https://x.com/Superfan4u
👉INSTAGRAM:    / superfan_ceiling_fan

#SavesMoreEnergy #SuperfanX1 #EnergyEfficientFan #CeilingFan #Superfan #SaveElectricity #HomeSavings #5StarFan #SmartHomeIndia #EcoFriendlyHome #Shorts #YouTubeShortsIndia
superfan super x1, saves more energy fan, low power ceiling fan, 5 star energy efficient fan, energy saving ceiling fan india, best fan to save power, modern silent fan, low electricity fan, stylish home fan, superfan ceiling fan",Superfan Ceiling Fan,2025-07-08T09:18:29Z,7341.0,44,0.0,https://youtube.com/watch?v=NOOnVYNBa6g,,,,,,,,,,,,energy efficient fan,"This Fan Saves More Energy ⚡ | Superfan Super X1 #Shorts #EnergySaver Superfan Super X1 – the 5-star rated ceiling fan that gives you super air with super savings.

Key Features:

🌀 Consumes less energy – saves up to ₹1500/year
🌀 Powerful airflow even at low wattage
🌀 Stylish finish that fits your modern interiors
🌀 Silent performance – no humming noise

Switch to Superfan. Save Energy. Save Money.

Don't forget to like, share, and subscribe for more insightful content!
👉For more details, visit www.superfan.in
👉Also available on Amazon and Flipkart
👉FACEBOOK:   / superfanceilingfan  
👉TWITTER:  https://x.com/Superfan4u
👉INSTAGRAM:    / superfan_ceiling_fan

#SavesMoreEnergy #SuperfanX1 #EnergyEfficientFan #CeilingFan #Superfan #SaveElectricity #HomeSavings #5StarFan #SmartHomeIndia #EcoFriendlyHome #Shorts #YouTubeShortsIndia
superfan super x1, saves more energy fan, low power ceiling fan, 5 star energy efficient fan, energy saving ceiling fan india, best fan to save power, modern silent fan, low electricity fan, stylish home fan, superfan ceiling fan",['Superfan'],1,Superfan,False,positive,0.249,51.341
Twitter,,,,,,,0,,https://twitter.com/x/status/None,,unknown,0.0,0.0,0.0,,,,,,,energy efficient fan,,[],0,Generic,False,neutral,0.0,0.0
Twitter,,,,,,,0,,https://twitter.com/x/status/None,,unknown,0.0,0.0,0.0,,,,,,,energy efficient fan,,[],0,Generic,False,neutral,0.0,0.0
Twitter,,,,,,,0,,https://twitter.com/x/status/None,,unknown,0.0,0.0,0.0,,,,,,,energy efficient fan,,[],0,Generic,False,neutral,0.0,0.0
Twitter,,,,,,,0,,https://twitter.com/x/status/None,,unknown,0.0,0.0,0.0,,,,,,,energy efficient fan,,[],0,Generic,False,neutral,0.0,0.0
Twitter,,,,,,,0,,https://twitter.com/x/status/None,,unknown,0.0,0.0,0.0,,,,,,,energy efficient fan,,[],0,Generic,False,neutral,0.0,0.0
Twitter,,,,,,,0,,https://twitter.com/x/status/None,,unknown,0.0,0.0,0.0,,,,,,,energy efficient fan,,[],0,Generic,False,neutral,0.0,0.0
Twitter,,,,,,,0,,https://twitter.com/x/status/None,,unknown,0.0,0.0,0.0,,,,,,,energy efficient fan,,[],0,Generic,False,neutral,0.0,0.0
Twitter,,,,,,,0,,https://twitter.com/x/status/None,,unknown,0.0,0.0,0.0,,,,,,,energy efficient fan,,[],0,Generic,False,neutral,0.0,0.0
Twitter,,,,,,,0,,https://twitter.com/x/status/None,,unknown,0.0,0.0,0.0,,,,,,,energy efficient fan,,[],0,Generic,False,neutral,0.0,0.0
Twitter,,,,,,,0,,https://twitter.com/x/status/None,,unknown,0.0,0.0,0.0,,,,,,,energy efficient fan,,[],0,Generic,False,neutral,0.0,0.0
Instagram,3781386172719792827,,,,2025-12-06T04:46:20.000Z,,1,0.0,https://www.instagram.com/p/DR6LrB_iYK7/,,,,,,"Upgrade Your Ventilation System with High-Speed Axial Blower Technology
Maximum Airflow, Minimum Energy — Choose Seraphic Axial Blowers
Built for Performance: Discover Our Industrial Axial Blower Fan
#AxialBlower #IndustrialBlower #VentilationFan #ExhaustFan #HVAC #HVACSolutions #IndustrialVentilation #AirflowSystem #CoolingSolutions #HeavyDuty #IndustrialEquipment #EngineeringSolutions #exhaust #SeraphicAssociates #SeraphicBlower #SeraphicHVAC #IndustrialCooling #EnergyEfficientFan #HighAirflow",seraphicbd,Image,,,,energy efficient fan,"Upgrade Your Ventilation System with High-Speed Axial Blower Technology
Maximum Airflow, Minimum Energy — Choose Seraphic Axial Blowers
Built for Performance: Discover Our Industrial Axial Blower Fan
#AxialBlower #IndustrialBlower #VentilationFan #ExhaustFan #HVAC #HVACSolutions #IndustrialVentilation #AirflowSystem #CoolingSolutions #HeavyDuty #IndustrialEquipment #EngineeringSolutions #exhaust #SeraphicAssociates #SeraphicBlower #SeraphicHVAC #IndustrialCooling #EnergyEfficientFan #HighAirflow",[],0,Generic,False,neutral,0.0,1.0
Instagram,3780910201432013973,,,,2025-12-05T13:00:41.000Z,,2,0.0,https://www.instagram.com/p/DR4fcvMAXyV/,,,,,,"Perfect airflow without compromising your interior design.

📞 03306500040
📧 mibrahimelectronic@gmail.com
🌐 www.mibrahimelectronic.com
.
.
.
#MIElectronic #MIElectronicFans #CeilingFans #CoolComfort #SmartCooling #PowerfulPerformance #EnergyEfficientFan #SilentCooling #ModernHomeFans #HomeEssentials #ComfortLiving #EverydayComfort #HomeImprovement #MadeForYou #CoolingRedefined",m.ibrahimelectronic,Image,,,,energy efficient fan,"Perfect airflow without compromising your interior design.

📞 03306500040
📧 mibrahimelectronic@gmail.com
🌐 www.mibrahimelectronic.com
.
.
.
#MIElectronic #MIElectronicFans #CeilingFans #CoolComfort #SmartCooling #PowerfulPerformance #EnergyEfficientFan #SilentCooling #ModernHomeFans #HomeEssentials #ComfortLiving #EverydayComfort #HomeImprovement #MadeForYou #CoolingRedefined",[],0,Generic,False,positive,1.0,2.0
Instagram,3779230430454232814,,,,2025-12-03T05:23:16.000Z,,-1,0.0,https://www.instagram.com/p/DRyhg2jkjbu/,,,,,,"Experience cool comfort with the Jaguar Ceiling Fan – High RPM, powerful air delivery & energy-efficient performance.
Perfect blend of style, speed & durability.
Upgrade your home cooling with premium quality ✨🌀

📞 Contact: 9662963101 
📧 Email: nilkanthengineering2019@gmail.com

#JaguarFan #LukerFan #CeilingFan #HighSpeedFan #HomeCooling #ModernHomes #ElectricAppliances #EnergyEfficientFan #HomeDecorIndia #ApplianceStore #PremiumFans #FanShopping #AirDelivery #HomeEssentials #AhmedabadBusiness #",nilkanth_.101,Image,,,,energy efficient fan,"Experience cool comfort with the Jaguar Ceiling Fan – High RPM, powerful air delivery & energy-efficient performance.
Perfect blend of style, speed & durability.
Upgrade your home cooling with premium quality ✨🌀

📞 Contact: 9662963101 
📧 Email: nilkanthengineering2019@gmail.com

#JaguarFan #LukerFan #CeilingFan #HighSpeedFan #HomeCooling #ModernHomes #ElectricAppliances #EnergyEfficientFan #HomeDecorIndia #ApplianceStore #PremiumFans #FanShopping #AirDelivery #HomeEssentials #AhmedabadBusiness #",[],0,Generic,False,positive,0.453,-1.0
Instagram,3778805965228100820,,,,2025-12-02T15:19:56.000Z,,2,0.0,https://www.instagram.com/p/DRxBAEgjEzU/,,,,,,"A fresh kitchen is a happy kitchen—let our Exhaust Fan do the magic.

📞 03306500040
📧 mibrahimelectronic@gmail.com
🌐 www.mibrahimelectronic.com
.
.
.
#MIElectronic #MIElectronicFans #CeilingFans #CoolComfort #SmartCooling #PowerfulPerformance #EnergyEfficientFan #SilentCooling #ModernHomeFans #HomeEssentials #ComfortLiving #EverydayComfort #HomeImprovement #MadeForYou #CoolingRedefined",m.ibrahimelectronic,Image,,,,energy efficient fan,"A fresh kitchen is a happy kitchen—let our Exhaust Fan do the magic.

📞 03306500040
📧 mibrahimelectronic@gmail.com
🌐 www.mibrahimelectronic.com
.
.
.
#MIElectronic #MIElectronicFans #CeilingFans #CoolComfort #SmartCooling #PowerfulPerformance #EnergyEfficientFan #SilentCooling #ModernHomeFans #HomeEssentials #ComfortLiving #EverydayComfort #HomeImprovement #MadeForYou #CoolingRedefined",[],0,Generic,False,positive,0.533,2.0
Instagram,3778448697483926911,,,,2025-12-02T03:30:06.000Z,,4,0.0,https://www.instagram.com/p/DRvvxI_kR1_/,,,,,,"Bring home cooling that never misses a spot!
The ROXY Oscillating Bracket Fan ensures wide air coverage with powerful, high-quality airflow.

💠 100% Copper Winding
💠 High-Performance Motor
💠 High-Quality Air Delivery

ROXY — Trusted Cooling. Reliable Comfort.

🏠 Home & Kitchen Appliances
🔖 ISO 9001:2015 Certified | Trusted Across India
📦 Bulk Orders Only – Perfect for Dealers & Distributors
🌐 www.roxyappliancesdge.com
.
.
.
.
.
....
#RoxyBracketFan #OscillatingFan #CoolingSolutions #HighPerforma",roxyappliances.dge,Image,,,,energy efficient fan,"Bring home cooling that never misses a spot!
The ROXY Oscillating Bracket Fan ensures wide air coverage with powerful, high-quality airflow.

💠 100% Copper Winding
💠 High-Performance Motor
💠 High-Quality Air Delivery

ROXY — Trusted Cooling. Reliable Comfort.

🏠 Home & Kitchen Appliances
🔖 ISO 9001:2015 Certified | Trusted Across India
📦 Bulk Orders Only – Perfect for Dealers & Distributors
🌐 www.roxyappliancesdge.com
.
.
.
.
.
....
#RoxyBracketFan #OscillatingFan #CoolingSolutions #HighPerforma",[],0,Generic,False,positive,0.3,4.0
Instagram,3778065351032996091,,,,2025-12-01T14:48:28.000Z,,4,0.0,https://www.instagram.com/p/DRuYmtyiID7/,,,,,,"Set it, move it, feel it — cooling made easy with GFC.

📞 03306500040
📧 mibrahimelectronic@gmail.com
🌐 www.mibrahimelectronic.com
.
.
.
#MIElectronic #MIElectronicFans #CeilingFans #CoolComfort #SmartCooling #PowerfulPerformance #EnergyEfficientFan #SilentCooling #ModernHomeFans #HomeEssentials #ComfortLiving #EverydayComfort #HomeImprovement #MadeForYou #CoolingRedefined",m.ibrahimelectronic,Image,,,,energy efficient fan,"Set it, move it, feel it — cooling made easy with GFC.

📞 03306500040
📧 mibrahimelectronic@gmail.com
🌐 www.mibrahimelectronic.com
.
.
.
#MIElectronic #MIElectronicFans #CeilingFans #CoolComfort #SmartCooling #PowerfulPerformance #EnergyEfficientFan #SilentCooling #ModernHomeFans #HomeEssentials #ComfortLiving #EverydayComfort #HomeImprovement #MadeForYou #CoolingRedefined",[],0,Generic,False,positive,0.433,4.0
Instagram,3775851917533047303,,,,2025-11-28T13:30:47.000Z,,3,0.0,https://www.instagram.com/p/DRmhVBNCOoH/,,,,,,"Stay cool and comfortable with GFC’s strong, adjustable airflow.

📞 03306500040
📧 mibrahimelectronic@gmail.com
🌐 www.mibrahimelectronic.com
.
.
.
#MIElectronic #MIElectronicFans #CeilingFans #CoolComfort #SmartCooling #PowerfulPerformance #EnergyEfficientFan #SilentCooling #ModernHomeFans #HomeEssentials #ComfortLiving #EverydayComfort #HomeImprovement #MadeForYou #CoolingRedefined",m.ibrahimelectronic,Image,,,,energy efficient fan,"Stay cool and comfortable with GFC’s strong, adjustable airflow.

📞 03306500040
📧 mibrahimelectronic@gmail.com
🌐 www.mibrahimelectronic.com
.
.
.
#MIElectronic #MIElectronicFans #CeilingFans #CoolComfort #SmartCooling #PowerfulPerformance #EnergyEfficientFan #SilentCooling #ModernHomeFans #HomeEssentials #ComfortLiving #EverydayComfort #HomeImprovement #MadeForYou #CoolingRedefined",[],0,Generic,False,positive,0.394,3.0
Instagram,3774899743424779784,,,,2025-11-27T05:58:58.000Z,,1,0.0,https://www.instagram.com/p/DRjI1D9jBYI/,,,,,,"T-250-2 High Speed & Energy Saving Fan 💨

The T-250-2 High Speed and Energy Saving Fan delivers powerful airflow with low energy consumption, ideal for industrial and commercial ventilation. Built with durable blades and a high-efficiency motor, it ensures quiet, reliable cooling performance while reducing power costs. Perfect for factories, workshops, and warehouses.

📞 0710497720 / 0722911392 | 📧 sales@blaxsmithautomation.com

#T2502Fan #HighSpeedFan #EnergySavingFan #IndustrialFan #Ventilatio",blaxsmithautomationltd,Sidecar,,,,energy efficient fan,"T-250-2 High Speed & Energy Saving Fan 💨

The T-250-2 High Speed and Energy Saving Fan delivers powerful airflow with low energy consumption, ideal for industrial and commercial ventilation. Built with durable blades and a high-efficiency motor, it ensures quiet, reliable cooling performance while reducing power costs. Perfect for factories, workshops, and warehouses.

📞 0710497720 / 0722911392 | 📧 sales@blaxsmithautomation.com

#T2502Fan #HighSpeedFan #EnergySavingFan #IndustrialFan #Ventilatio",[],0,Generic,False,positive,0.315,1.0
Instagram,3774387025043340119,,,,2025-11-26T13:00:17.000Z,,2,0.0,https://www.instagram.com/p/DRhUQBwjTtX/,,,,,,"Powerful cooling that doesn’t increase your bill.

📞 03306500040
📧 mibrahimelectronic@gmail.com
🌐 www.mibrahimelectronic.com
.
.
.
#MIElectronic #MIElectronicFans #CeilingFans #CoolComfort #SmartCooling #PowerfulPerformance #EnergyEfficientFan #SilentCooling #ModernHomeFans #HomeEssentials #ComfortLiving #EverydayComfort #HomeImprovement #MadeForYou #CoolingRedefined",m.ibrahimelectronic,Image,,,,energy efficient fan,"Powerful cooling that doesn’t increase your bill.

📞 03306500040
📧 mibrahimelectronic@gmail.com
🌐 www.mibrahimelectronic.com
.
.
.
#MIElectronic #MIElectronicFans #CeilingFans #CoolComfort #SmartCooling #PowerfulPerformance #EnergyEfficientFan #SilentCooling #ModernHomeFans #HomeEssentials #ComfortLiving #EverydayComfort #HomeImprovement #MadeForYou #CoolingRedefined",[],0,Generic,False,positive,0.3,2.0
Instagram,3774349432302247234,,,,2025-11-26T11:45:36.000Z,,5,0.0,https://www.instagram.com/p/DRhLs-ykp1C/,,,,,,"Falcon Pro Decor pairs silent strength with refined airflow, creating a statement that lifts the entire room. Crafted for interiors that value elegance, detail and lasting comfort. Upgrade your home comfort today.

#WattsElectricals #FalconPro #CeilingFan #SmartCooling #StylishInteriors #EnergyEfficientFan #HomeComfort #ModernLiving #InteriorUpgrade #CoolAndQuiet #FanWithStyle #CoolingSolutions",watts_electricals,Sidecar,,,,energy efficient fan,"Falcon Pro Decor pairs silent strength with refined airflow, creating a statement that lifts the entire room. Crafted for interiors that value elegance, detail and lasting comfort. Upgrade your home comfort today.

#WattsElectricals #FalconPro #CeilingFan #SmartCooling #StylishInteriors #EnergyEfficientFan #HomeComfort #ModernLiving #InteriorUpgrade #CoolAndQuiet #FanWithStyle #CoolingSolutions",[],0,Generic,False,neutral,0.0,5.0
Instagram,3774208141652315909,,,,2025-11-26T07:04:52.000Z,,5,0.0,https://www.instagram.com/p/DRgrk7nks8F/,,,,,,"⭐ Crompton Fan – Now Flat 40% OFF!

Upgrade your home with powerful airflow and long-lasting performance.
Enjoy cool comfort with Crompton’s energy-efficient fan – stylish design, silent operation, and superior air delivery.
Grab this offer now at Sharadha Enterprises!

📍No.3, Thriveni Complex 80ft Road Maruthinagar Chandralayout Banglore - 560072
📞 7676331562

#CromptonFan #40PercentOff #MegaOffer #SharadhaEnterprises #BestDealToday
#CoolingComfort #EnergyEfficientFan #HomeEssentials #BudgetFri",sharadhaenterprises,Image,,,,energy efficient fan,"⭐ Crompton Fan – Now Flat 40% OFF!

Upgrade your home with powerful airflow and long-lasting performance.
Enjoy cool comfort with Crompton’s energy-efficient fan – stylish design, silent operation, and superior air delivery.
Grab this offer now at Sharadha Enterprises!

📍No.3, Thriveni Complex 80ft Road Maruthinagar Chandralayout Banglore - 560072
📞 7676331562

#CromptonFan #40PercentOff #MegaOffer #SharadhaEnterprises #BestDealToday
#CoolingComfort #EnergyEfficientFan #HomeEssentials #BudgetFri",['Crompton'],1,Crompton,False,positive,0.262,5.0
Instagram,3773681246615159641,,,,2025-11-25T13:38:02.000Z,,1,0.0,https://www.instagram.com/p/DRezxmYDMNZ/,,,,,,"Make every meal in a cleaner, fresher kitchen with powerful ventilation.

📞 03306500040
📧 mibrahimelectronic@gmail.com
🌐 www.mibrahimelectronic.com
.
.
.
#MIElectronic #MIElectronicFans #CeilingFans #CoolComfort #SmartCooling #PowerfulPerformance #EnergyEfficientFan #SilentCooling #ModernHomeFans #HomeEssentials #ComfortLiving #EverydayComfort #HomeImprovement #MadeForYou #CoolingRedefined",m.ibrahimelectronic,Image,,,,energy efficient fan,"Make every meal in a cleaner, fresher kitchen with powerful ventilation.

📞 03306500040
📧 mibrahimelectronic@gmail.com
🌐 www.mibrahimelectronic.com
.
.
.
#MIElectronic #MIElectronicFans #CeilingFans #CoolComfort #SmartCooling #PowerfulPerformance #EnergyEfficientFan #SilentCooling #ModernHomeFans #HomeEssentials #ComfortLiving #EverydayComfort #HomeImprovement #MadeForYou #CoolingRedefined",[],0,Generic,False,positive,0.3,1.0
Instagram,3772937533434038741,,,,2025-11-24T13:00:25.000Z,,2,0.0,https://www.instagram.com/p/DRcKrJgEwnV/,,,,,,"Stay cool with energy-efficient fans built for Pakistan’s heat.

📞 03306500040
📧 mibrahimelectronic@gmail.com
🌐 www.mibrahimelectronic.com
.
.
.
#MIElectronic #MIElectronicFans #CeilingFans #CoolComfort #SmartCooling #PowerfulPerformance #EnergyEfficientFan #SilentCooling #ModernHomeFans #HomeEssentials #ComfortLiving #EverydayComfort #HomeImprovement #MadeForYou #CoolingRedefined",m.ibrahimelectronic,Image,,,,energy efficient fan,"Stay cool with energy-efficient fans built for Pakistan’s heat.

📞 03306500040
📧 mibrahimelectronic@gmail.com
🌐 www.mibrahimelectronic.com
.
.
.
#MIElectronic #MIElectronicFans #CeilingFans #CoolComfort #SmartCooling #PowerfulPerformance #EnergyEfficientFan #SilentCooling #ModernHomeFans #HomeEssentials #ComfortLiving #EverydayComfort #HomeImprovement #MadeForYou #CoolingRedefined",[],0,Generic,False,positive,0.35,2.0
Instagram,3770039346469496208,,,,2025-11-20T13:02:14.000Z,,4,0.0,https://www.instagram.com/p/DRR3s-jj2WQ/,,,,,,"Where modern design meets powerful airflow redefine your ceiling.

📞 03306500040
📧 mibrahimelectronic@gmail.com
🌐 www.mibrahimelectronic.com
.
.
.
#MIElectronic #MIElectronicFans #CeilingFans #CoolComfort #SmartCooling #PowerfulPerformance #EnergyEfficientFan #SilentCooling #ModernHomeFans #HomeEssentials #ComfortLiving #EverydayComfort #HomeImprovement #MadeForYou #CoolingRedefined",m.ibrahimelectronic,Image,,,,energy efficient fan,"Where modern design meets powerful airflow redefine your ceiling.

📞 03306500040
📧 mibrahimelectronic@gmail.com
🌐 www.mibrahimelectronic.com
.
.
.
#MIElectronic #MIElectronicFans #CeilingFans #CoolComfort #SmartCooling #PowerfulPerformance #EnergyEfficientFan #SilentCooling #ModernHomeFans #HomeEssentials #ComfortLiving #EverydayComfort #HomeImprovement #MadeForYou #CoolingRedefined",[],0,Generic,False,positive,0.25,4.0
Instagram,3767864530547018755,,,,2025-11-17T13:01:15.000Z,,5,0.0,https://www.instagram.com/p/DRKJNPZDIwD/,,,,,,"Beat the heat with our complete range of Ceiling, Table, and Stand Fans — built for powerful airflow and low energy consumption.
Designed for comfort, durability, and style, our fans deliver a cool breeze while keeping your electricity bill in check.

📞 03306500040
📧 mibrahimelectronic@gmail.com
🌐 www.mibrahimelectronic.com
.
.
.
#MIElectronic #MIElectronicFans #CeilingFans #CoolComfort #SmartCooling #PowerfulPerformance #EnergyEfficientFan #SilentCooling #ModernHomeFans #HomeEssentials #Comfort",m.ibrahimelectronic,Image,,,,energy efficient fan,"Beat the heat with our complete range of Ceiling, Table, and Stand Fans — built for powerful airflow and low energy consumption.
Designed for comfort, durability, and style, our fans deliver a cool breeze while keeping your electricity bill in check.

📞 03306500040
📧 mibrahimelectronic@gmail.com
🌐 www.mibrahimelectronic.com
.
.
.
#MIElectronic #MIElectronicFans #CeilingFans #CoolComfort #SmartCooling #PowerfulPerformance #EnergyEfficientFan #SilentCooling #ModernHomeFans #HomeEssentials #Comfort",[],0,Generic,False,positive,0.188,5.0
Instagram,3765694180518640413,,,,2025-11-14T13:09:10.000Z,,4,0.0,https://www.instagram.com/p/DRCbufakbsd/,,,,,,"Upgrade your home with a powerful Exhaust Fan designed for fresh, healthy airflow.
Whether it’s the kitchen, bathroom, or any closed space — this fan removes heat, smoke, odors, and moisture within seconds.

📞 03306500040
📧 mibrahimelectronic@gmail.com
🌐 www.mibrahimelectronic.com
.
.
.
#MIElectronic #MIElectronicFans #CeilingFans #CoolComfort #SmartCooling #PowerfulPerformance #EnergyEfficientFan #SilentCooling #ModernHomeFans #HomeEssentials #ComfortLiving #EverydayComfort #HomeImprovement #Ma",m.ibrahimelectronic,Image,,,,energy efficient fan,"Upgrade your home with a powerful Exhaust Fan designed for fresh, healthy airflow.
Whether it’s the kitchen, bathroom, or any closed space — this fan removes heat, smoke, odors, and moisture within seconds.

📞 03306500040
📧 mibrahimelectronic@gmail.com
🌐 www.mibrahimelectronic.com
.
.
.
#MIElectronic #MIElectronicFans #CeilingFans #CoolComfort #SmartCooling #PowerfulPerformance #EnergyEfficientFan #SilentCooling #ModernHomeFans #HomeEssentials #ComfortLiving #EverydayComfort #HomeImprovement #Ma",[],0,Generic,False,positive,0.25,4.0
Instagram,3765580299418796190,,,,2025-11-14T09:22:54.000Z,,0,0.0,https://www.instagram.com/p/DRCB1TYEQCe/,,,,,,"Stay cool and comfortable with the Starworth 4L Tower Evaporative Air Cooler – a portable, energy-efficient 3-in-1 solution that cools, humidifies, and circulates air wherever you need it!
💰 Price: Ksh 7,500
🛒 Order Now: https://www.topplinekenya.com/shop/starworth-4l-tower-evaporative-air-cooler-portable-energy-efficient-3-in-1-cooling-fan-and-humidifier-7461
✨ Features:
4L water tank for long-lasting cooling
3-in-1: Air cooler, fan & humidifier
Portable and easy to move
Energy-efficient design",topplinekenya,Image,,,,energy efficient fan,"Stay cool and comfortable with the Starworth 4L Tower Evaporative Air Cooler – a portable, energy-efficient 3-in-1 solution that cools, humidifies, and circulates air wherever you need it!
💰 Price: Ksh 7,500
🛒 Order Now: https://www.topplinekenya.com/shop/starworth-4l-tower-evaporative-air-cooler-portable-energy-efficient-3-in-1-cooling-fan-and-humidifier-7461
✨ Features:
4L water tank for long-lasting cooling
3-in-1: Air cooler, fan & humidifier
Portable and easy to move
Energy-efficient design",[],0,Generic,False,positive,0.428,0.0
Instagram,3764975551262522085,,,,2025-11-13T13:21:23.000Z,,3,0.0,https://www.instagram.com/p/DQ_4VDxCHrl/,,,,,,"Discover the full range of M. Ibrahim AC/DC Fans, designed to deliver unmatched performance, durability, and energy savings.
✅ Premium build quality
✅ Whisper-quiet operation
✅ Stylish designs for every interior
✅ Ideal for home, office, and industrial use

Bring home innovation, comfort, and trust all in one breeze.

📞 03306500040
📧 mibrahimelectronic@gmail.com
🌐 www.mibrahimelectronic.com
.
.
.
#MIElectronic #MIElectronicFans #CeilingFans #CoolComfort #SmartCooling #PowerfulPerformance #Energy",m.ibrahimelectronic,Image,,,,energy efficient fan,"Discover the full range of M. Ibrahim AC/DC Fans, designed to deliver unmatched performance, durability, and energy savings.
✅ Premium build quality
✅ Whisper-quiet operation
✅ Stylish designs for every interior
✅ Ideal for home, office, and industrial use

Bring home innovation, comfort, and trust all in one breeze.

📞 03306500040
📧 mibrahimelectronic@gmail.com
🌐 www.mibrahimelectronic.com
.
.
.
#MIElectronic #MIElectronicFans #CeilingFans #CoolComfort #SmartCooling #PowerfulPerformance #Energy",[],0,Generic,False,positive,0.583,3.0
Instagram,3764349073642070727,,,,2025-11-12T16:36:40.000Z,,4,0.0,https://www.instagram.com/p/DQ9p4nBAaLH/,,,,,,"💨 Engineered for Superior Airflow & Comfort

Experience silent operation, energy efficiency, and modern design — perfect for every stylish home. ✨

Upgrade your space with performance that speaks for itself!

#SuperiorAirflow #EnergyEfficientFan #ModernHomeAppliances #StylishFanDesign #PremiumFans #HomeUpgrade #SmartLiving #ElectricAppliances #EnergySavingFans",shree_plg_07,Image,,,,energy efficient fan,"💨 Engineered for Superior Airflow & Comfort

Experience silent operation, energy efficiency, and modern design — perfect for every stylish home. ✨

Upgrade your space with performance that speaks for itself!

#SuperiorAirflow #EnergyEfficientFan #ModernHomeAppliances #StylishFanDesign #PremiumFans #HomeUpgrade #SmartLiving #ElectricAppliances #EnergySavingFans",[],0,Generic,False,positive,0.505,4.0
Instagram,3764281838437950299,,,,2025-11-12T14:23:05.000Z,,11,0.0,https://www.instagram.com/p/DQ9amNWjGNb/,,,,,,"💥Harbax AC Axial Fan HAF120S38💥
—————————————————-
💰 Price: Click on website
🌐 WWW.COOLLACS.Ae

✨ Order Now! ✨
🛒 Available on our website
📩 DM us on Instagram for inquiries
📲💬 For bulk orders, please message us on WhatsApp.

#HarbaxFan #ACFan #AxialFan #HAF120S38 #HVACParts #CoolingSolutions #AirConditioning #HVACFans #IndustrialFan #RefrigerationParts #HighQualityFans #CoolingSystem #HVACMaintenance #ACReplacementParts #CoolLACS #EnergyEfficientFan",coollacs.uae,Sidecar,,,,energy efficient fan,"💥Harbax AC Axial Fan HAF120S38💥
—————————————————-
💰 Price: Click on website
🌐 WWW.COOLLACS.Ae

✨ Order Now! ✨
🛒 Available on our website
📩 DM us on Instagram for inquiries
📲💬 For bulk orders, please message us on WhatsApp.

#HarbaxFan #ACFan #AxialFan #HAF120S38 #HVACParts #CoolingSolutions #AirConditioning #HVACFans #IndustrialFan #RefrigerationParts #HighQualityFans #CoolingSystem #HVACMaintenance #ACReplacementParts #CoolLACS #EnergyEfficientFan",[],0,Generic,False,positive,0.4,11.0
Instagram,3764255985545463744,,,,2025-11-12T13:31:44.000Z,,0,0.0,https://www.instagram.com/p/DQ9Ut_-E0fA/,,,,,,"✨ Bold Design. Powerful Comfort. – Century 100"" DC Fan ✨

Make a statement with the Century DC Ceiling Fan by Mercator — where grand design meets whisper-quiet performance. Its striking 100-inch dark timber blades and sleek profile make it perfect for large living areas, open-plan spaces, and high ceilings.

Powered by a 35W DC motor, it delivers exceptional airflow up to 30,589 m³/hr while staying energy-efficient and nearly silent. Control every breeze with the 6-speed remote, complete with su",lights4lessaustralia,Image,,,,energy efficient fan,"✨ Bold Design. Powerful Comfort. – Century 100"" DC Fan ✨

Make a statement with the Century DC Ceiling Fan by Mercator — where grand design meets whisper-quiet performance. Its striking 100-inch dark timber blades and sleek profile make it perfect for large living areas, open-plan spaces, and high ceilings.

Powered by a 35W DC motor, it delivers exceptional airflow up to 30,589 m³/hr while staying energy-efficient and nearly silent. Control every breeze with the 6-speed remote, complete with su",[],0,Generic,False,positive,0.294,0.0
Google,https://www.amazon.in/Orient-Electric-Zeno-BLDC-warranty/dp/B0CHRJ5QQY,Buy Orient Electric 1200 mm Zeno BLDC,"UNLOCK ENERGY SAVINGS UP TO ₹6500* ANNUALLY: This BEE 5-star rated ceiling fan consumes 50% less energy than conventional fans, saving up to ₹6500* annually on ...",https:,,0.0,0,0.0,https://www.amazon.in/Orient-Electric-Zeno-BLDC-warranty/dp/B0CHRJ5QQY,,,,,,,,,https://www.amazon.in › Orient-Electric-Zeno-BLDC-w...,0.0,energy efficient fan review India,energy efficient fan,,[],0,Generic,False,neutral,0.0,0.0
Google,https://www.moglix.com/articles/top-10-best-ceiling-fans-in-india-for-2025-brands-prices-features-and-power-ratings?srsltid=AfmBOoqOIcIAr3vSP8UwMwddqAxK2OpUT8aK0nFbs5rPVyauTSJgLn-F,"Top 10 Best Ceiling Fans in India 2025 ? Brands, Prices ...","1. Atomberg Renesa Smart+ · Price: Rs.3,500 - Rs.4,000 · Power Rating: 28W (BLDC Motor) · Features: · Why Buy: Ideal for those seeking smart home ...",https:,,0.0,0,0.0,https://www.moglix.com/articles/top-10-best-ceiling-fans-in-india-for-2025-brands-prices-features-and-power-ratings?srsltid=AfmBOoqOIcIAr3vSP8UwMwddqAxK2OpUT8aK0nFbs5rPVyauTSJgLn-F,,,,,,,,,https://www.moglix.com › Articles,0.0,energy efficient fan review India,energy efficient fan,,[],0,Generic,False,neutral,0.0,0.0
Google,https://www.fybros.com/blog/ceiling-fans-for-indian-summers-performance-efficiency-and-style,"Ceiling Fans for Indian Summers: Performance, Efficiency ...","Fans with DC motors like Crompton i-Cool are excellent for saving electricity. They have 5-star BEE ratings and use sustainable materials, ...",https:,,0.0,0,0.0,https://www.fybros.com/blog/ceiling-fans-for-indian-summers-performance-efficiency-and-style,,,,,,,,,https://www.fybros.com › blog › ceiling-fans-for-india...,0.0,energy efficient fan review India,energy efficient fan,,[],0,Generic,False,neutral,0.0,0.0
Google,https://vsctimes.com/best-ceiling-fans/,7 Best Ceiling Fans in India 2025 | Buyer's Guide & Reviews!,"The Atomberg Renesa is a 5-star rated BLDC fan that saves the maximum power. Our calculation shows that this BLDC ceiling fan saves around Rs 2,000 annually. So ...",https:,,0.0,0,0.0,https://vsctimes.com/best-ceiling-fans/,,,,,,,,,https://vsctimes.com › Ceiling Fans,0.0,energy efficient fan review India,energy efficient fan,,[],0,Generic,False,neutral,0.0,0.0
Google,https://atomberg.com/atomberg-ceiling-fans?srsltid=AfmBOorP8LIGsWTz6MjXhp3tS1A4xD3asE9xyPbI_ORjYTgJ_etcTLgF,Buy Premium BLDC Ceiling Fans At Best Prices Online In ...,"These fans consume just 28-35 watts, combining energy efficiency with peaceful operation—ideal for Indian homes seeking comfort without noise.",https:,,0.0,0,0.0,https://atomberg.com/atomberg-ceiling-fans?srsltid=AfmBOorP8LIGsWTz6MjXhp3tS1A4xD3asE9xyPbI_ORjYTgJ_etcTLgF,,,,,,,,,https://atomberg.com › atomberg-ceiling-fans,0.0,energy efficient fan review India,energy efficient fan,,[],0,Generic,False,neutral,0.0,0.0
Google,https://betterhomeapp.com/blogs/articles/atomberg-renesa-1200-mm-review-is-this-the-most-energy-efficient-stylish-ceiling-fan-for-indian-homes?srsltid=AfmBOorlGNaRAiN4vlps0rMsFSONVb4K92xpirM-BMd3HUa-FPyID6n2,Atomberg Renesa+ 1200 MM Review - Is This the Most ...,"Owing to its low power draw, the fan runs up to 3 times longer on inverter power during outages—perfect for Indian households. Remote Control ...",https:,,0.0,0,0.0,https://betterhomeapp.com/blogs/articles/atomberg-renesa-1200-mm-review-is-this-the-most-energy-efficient-stylish-ceiling-fan-for-indian-homes?srsltid=AfmBOorlGNaRAiN4vlps0rMsFSONVb4K92xpirM-BMd3HUa-FPyID6n2,,,,,,,,,https://betterhomeapp.com › blogs › articles › atomberg...,0.0,energy efficient fan review India,energy efficient fan,,[],0,Generic,False,neutral,0.0,0.0
Google,https://www.bajajfinserv.in/best-5-star-bee-rated-ceiling-fans,Best 5 Star BEE Rated Fans: Eco-Friendly Choices,"With a 5-star BEE rating, they operate at lower wattage while maintaining high airflow. This results in significant savings on electricity bills ...",https:,,0.0,0,0.0,https://www.bajajfinserv.in/best-5-star-bee-rated-ceiling-fans,,,,,,,,,https://www.bajajfinserv.in › best-5-star-bee-rated-ceiling...,0.0,energy efficient fan review India,energy efficient fan,,[],0,Generic,False,neutral,0.0,0.0
Google,https://www.flipkart.com/superfan-super-v1-56-energy-efficient-40w-bldc-ceiling-fan-5-star-rated-1400-mm-3-blade/product-reviews/itmed6f3956ebca1?pid=FANGRGSVGQWGC8ZJ,Superfan Super V1 56 Energy Efficient 40w Bldc Ceiling ...,"This is the best BLDC fan brand in India. Excellent quality. The service is very good, for one of my fans the fan stopped working after about 2 years but they ...",https:,,0.0,0,0.0,https://www.flipkart.com/superfan-super-v1-56-energy-efficient-40w-bldc-ceiling-fan-5-star-rated-1400-mm-3-blade/product-reviews/itmed6f3956ebca1?pid=FANGRGSVGQWGC8ZJ,,,,,,,,,https://www.flipkart.com › product-reviews › pid=FAN...,0.0,energy efficient fan review India,energy efficient fan,,[],0,Generic,False,neutral,0.0,0.0
Google,https://www.techgearlab.com/topics/home/best-fan,10 Best Fans of 2025 | Tested & Rated - Tech Gear Lab,"Who it is best for: The Dreo Smart CF714S is ideal for those seeking a compact, energy-efficient fan with advanced features and minimal noise.",https:,,0.0,0,0.0,https://www.techgearlab.com/topics/home/best-fan,,,,,,,,,https://www.techgearlab.com › topics › home › best-fan,0.0,energy efficient fan best brands,energy efficient fan,,[],0,Generic,False,neutral,0.0,0.0
Google,https://www.nytimes.com/wirecutter/reviews/best-fan/,The 6 Best Fans of 2025 | Reviews by Wirecutter,"It's impressively energy-efficient. By our measurements, the Vornado 630 consumes between 38 and 53 watts of power, depending on the setting.",https:,,0.0,0,0.0,https://www.nytimes.com/wirecutter/reviews/best-fan/,,,,,,,,,https://www.nytimes.com › ... › Small home appliances,0.0,energy efficient fan best brands,energy efficient fan,,[],0,Generic,False,neutral,0.0,0.0
Google,https://www.bestbuy.ca/en-ca/shop/appliances/energy-efficient-fans,Energy Efficient Fans,"Energy Efficient Fans · Dyson Tower Fan (AM07) - Black/Nickel · Westinghouse Widespan 100"" Ceiling Fan - Black · Ecohouzng Oscillating Tower Fan - 42"" - Black ...",https:,,0.0,0,0.0,https://www.bestbuy.ca/en-ca/shop/appliances/energy-efficient-fans,,,,,,,,,https://www.bestbuy.ca › en-ca › shop › appliances › e...,0.0,energy efficient fan best brands,energy efficient fan,,[],0,Generic,False,neutral,0.0,0.0
Google,https://www.consumerreports.org/appliances/ceiling-fans/best-ceiling-fans-of-the-year-a4861552414/,Best Ceiling Fans of 2025,The best-performing ceiling fans from Consumer Reports' tests have superior airflow to help lower your utility bill.,https:,,0.0,0,0.0,https://www.consumerreports.org/appliances/ceiling-fans/best-ceiling-fans-of-the-year-a4861552414/,,,,,,,,,https://www.consumerreports.org › ... › Ceiling Fans,0.0,energy efficient fan best brands,energy efficient fan,,[],0,Generic,False,neutral,0.0,0.0
Google,https://www.cnn.com/cnn-underscored/reviews/best-cooling-fans,"Best cooling fans of 2025, tested by editors - CNN","We tested 21 cooling pedestal, tower and floor fans to find the best at keeping your space cool and comfortable without cranking up the AC.",https:,,0.0,0,0.0,https://www.cnn.com/cnn-underscored/reviews/best-cooling-fans,,,,,,,,,https://www.cnn.com › cnn-underscored › reviews › be...,0.0,energy efficient fan best brands,energy efficient fan,,[],0,Generic,False,neutral,0.0,0.0
Google,https://www.bhg.com/decorating/home-accessories/best-fans/,"The 5 Best Fans of 2025, Tested by BHG",Best Overall: Shark FlexBreeze Pro Mist Pedestal Fan at Target $250 ; Best Budget: · Vornado Flippi V6 Personal Air Circulator Fan at Amazon · $18.,https:,,0.0,0,0.0,https://www.bhg.com/decorating/home-accessories/best-fans/,,,,,,,,,https://www.bhg.com › ... › Small Appliance Reviews,0.0,energy efficient fan best brands,energy efficient fan,,[],0,Generic,False,neutral,0.0,0.0
Google,https://www.energystar.gov/productfinder/product/certified-ventilating-fans/results,Product Finder — ENERGY STAR Certified Ventilating Fans,"Compare ENERGY STAR Certified Ventilating Fans, find rebates, and learn more.",https:,,0.0,0,0.0,https://www.energystar.gov/productfinder/product/certified-ventilating-fans/results,,,,,,,,,https://www.energystar.gov › product › results,0.0,energy efficient fan best brands,energy efficient fan,,[],0,Generic,False,neutral,0.0,0.0
Google,https://www.theguardian.com/thefilter/2025/jun/17/best-fans-uk,The best fans to keep you cool: 15 tried and tested ...,Best budget fan and best desk fan: Devola desk fan. Devola Low Noise DC 9inch Air Circulator Fan with remote control,https:,,0.0,0,0.0,https://www.theguardian.com/thefilter/2025/jun/17/best-fans-uk,,,,,,,,,https://www.theguardian.com › thefilter › jun › best-fan...,0.0,energy efficient fan best brands,energy efficient fan,,[],0,Generic,False,neutral,0.0,0.0
Google,https://www.cnet.com/home/kitchen-and-household/best-tower-fans/,Best Tower Fans for 2025: These Fans Helped Cool Down ...,Best tower fan upgrade. Dyson Pure Cool TP07 Air Purifying Tower Fan. Pros. 10 speed options; Energy-efficient; Smart home support; Air quality ...,https:,,0.0,0,0.0,https://www.cnet.com/home/kitchen-and-household/best-tower-fans/,,,,,,,,,https://www.cnet.com › ... › Small Appliances,0.0,energy efficient fan best brands,energy efficient fan,,[],0,Generic,False,neutral,0.0,0.0
Google,https://www.bestbuy.com/site/shop/energy-efficient-fans,Energy Efficient Fans,Shop for Energy Efficient Fans at Best Buy. Find low everyday prices and buy online for delivery or in-store pick-up.,https:,,0.0,0,0.0,https://www.bestbuy.com/site/shop/energy-efficient-fans,,,,,,,,,https://www.bestbuy.com › ... › Pedestal Fans Directory,0.0,buy energy efficient fan,energy efficient fan,,[],0,Generic,False,neutral,0.0,0.0
Google,https://smafan.com/collections/energy-star-ceiling-fan?srsltid=AfmBOooD939bN2wgh9hrNmuMey3dHDDyAi490BXUUQx6xiXhW6LmWKmb,Energy Efficient Ceiling Fans- Energy Star Certified,"Discover Smafan's energy efficient ceiling fans, all ENERGY STAR certified to cut energy use and lower bills without sacrificing comfort.",https:,,0.0,0,0.0,https://smafan.com/collections/energy-star-ceiling-fan?srsltid=AfmBOooD939bN2wgh9hrNmuMey3dHDDyAi490BXUUQx6xiXhW6LmWKmb,,,,,,,,,https://smafan.com › collections › energy-star-ceiling-fan,0.0,buy energy efficient fan,energy efficient fan,,[],0,Generic,False,neutral,0.0,0.0
Google,https://www.amazon.com/energy-efficient-fan/s?k=energy+efficient+fan,Energy Efficient Fan,"Efficient, whole-room cooling with energy-saving fans. Compact, portable designs with adjustable speeds and oscillation.",https:,,0.0,0,0.0,https://www.amazon.com/energy-efficient-fan/s?k=energy+efficient+fan,,,,,,,,,https://www.amazon.com › energy-efficient-fan › k=en...,0.0,buy energy efficient fan,energy efficient fan,,[],0,Generic,False,neutral,0.0,0.0
Google,https://www.energystar.gov/products/ceiling_fans,Ceiling Fans | ENERGY STAR,ENERGY STAR certified ceiling fans save energy and help protect the climate by reducing greenhouse gas emissions.,https:,,0.0,0,0.0,https://www.energystar.gov/products/ceiling_fans,,,,,,,,,https://www.energystar.gov › products › ceiling_fans,0.0,buy energy efficient fan,energy efficient fan,,[],0,Generic,False,neutral,0.0,0.0
Google,https://guide.pge.com/browse/ceiling_fans,Shop only the top ceiling fans,Top Energy ProductsShop only the most energy efficient products in your price range. ... Minka-Aire F745-BN Sabot 52 Inch Ceiling Fan with Integrated LED Light ...,https:,,0.0,0,0.0,https://guide.pge.com/browse/ceiling_fans,,,,,,,,,https://guide.pge.com › browse › ceiling_fans,0.0,buy energy efficient fan,energy efficient fan,,[],0,Generic,False,neutral,0.0,0.0
Google,https://www.reddit.com/r/fans/comments/1djmi0t/energy_efficient_fans/,Energy efficient fans? : r/fans,Does anyone here know what sorts of fans are most energy efficient? Would be a regular plug in one for the house. Thanks.,Reddit › r,,0.0,0,0.0,https://www.reddit.com/r/fans/comments/1djmi0t/energy_efficient_fans/,,,,,,,,,Reddit › r/fans,0.0,buy energy efficient fan,energy efficient fan,,[],0,Generic,False,neutral,0.0,0.0
Google,https://www.hunterfan.com/collections/energy-star-ceiling-fans?srsltid=AfmBOook6GK-KwOp7Wu6MXHkAKn-Dp4J1_j631W0uGJtUPMuhuCpnpM3,ENERGY STAR® Ceiling Fans,"Hunter's ENERGY STAR® certified ceiling fans are designed to use significantly less power than standard models, which helps reduce electricity costs over time.",https:,,0.0,0,0.0,https://www.hunterfan.com/collections/energy-star-ceiling-fans?srsltid=AfmBOook6GK-KwOp7Wu6MXHkAKn-Dp4J1_j631W0uGJtUPMuhuCpnpM3,,,,,,,,,https://www.hunterfan.com › collections › energy-star-ce...,0.0,buy energy efficient fan,energy efficient fan,,[],0,Generic,False,neutral,0.0,0.0
YouTube,_B_G_H5YpxM,Atomberg bldc fan installation / bldc ceiling fan installation / atomberg ceiling fan fitting #home,"Here’s a suggested YouTube video title and description for a video on installing an Atomberg BLDC ceiling fan:


---

🔧 Title:

How to Install Atomberg BLDC Ceiling Fan | Step-by-Step Guide (Gorilla Fan)


---

📄 Description:

Installing your Atomberg BLDC ceiling fan? Follow this complete step-by-step guide to safely and easily set up your energy-efficient Gorilla fan at home.

👉 In this video, you'll learn:

Unboxing the Atomberg BLDC fan

Tools you’ll need

Wiring and connections

Mounting the motor and blades

Installing the remote and testing


⚡ BLDC Technology Benefits:

Saves up to 65% electricity

Works on inverter backup

Silent and powerful performance

Remote control operation


🛠️ Tools Required:

Screwdriver

Pliers

Ladder

Wire connectors

Voltage tester (optional)


💡 Important Safety Tips:

Switch off the mains before starting installation

If unsure, consult a certified electrician


📌 Fan Model Used in This Video: Atomberg Renesa (BLDC) 1200mm
✅ Suitable for other Atomberg models like Efficio, Studio+, Renesa+ etc.


---

🔗 Buy Atomberg Fans Online:
Amazon: [Insert affiliate link]
Flipkart: [Insert affiliate link]

📥 Have questions? Drop them in the comments and we’ll help you out!

👍 Like | 🔔 Subscribe | 💬 Share

#Atomberg #BLDCfan #FanInstallation #EnergySaving #DIYfanInstall #GorillaFan


---

#AtombergFan #BLDCFan #CeilingFanInstallation #FanInstallationGuide #AtombergCeilingFan #BLDCMotorFan #EnergySavingFan #AtombergRemoteFan #HindiFanInstallation #CeilingFanWithRemote #HomeImprovement #DoItYourself #DIYFanInstallation #RemoteControlledFan
Atomberg BLDC Ceiling Fan Installation – Full Description & Tags (in Hindi + English)


---

🛠️ Installation Description (Full Guide in Hindi):

""Atomberg BLDC Ceiling Fan Installation"" ka process asaan hai, lekin agar aap pehli baar kar rahe hain, toh ye step-by-step guide madad karegi:


---

आवश्यक टूल्स (Required Tools):

Screwdriver set

Tester

Pliers

Electrical tape

Ladder

Wire connectors

Drill machine (अगर नया installation है)



---

स्टेप-बाय-स्टेप इंस्टॉलेशन गाइड:

1. पावर सप्लाई बंद करें (Switch Off Main Supply):
किसी भी electrical काम से पहले main MCB बंद करना ज़रूरी है।


2. पुराना फैन हटाएं (Remove Old Fan):
अगर पहले से कोई फैन है, तो उसे ध्यान से हटाएं। वायरिंग को disconnect करें।


3. Mounting Bracket लगाएं:
Atomberg fan के साथ मिलने वाला mounting bracket सीलिंग पर स्क्रू से कस कर लगाएं।


4. Fan Motor को Mount करें:
Atomberg fan ke motor unit ko bracket में सही से लगाएं। यह आसानी से लटक जाता है।


5. Wiring करें (Electrical Connection):

Motor के wire को ceiling wiring से जोड़ें (Live, Neutral)

Remote receiver (अगर external है) को बीच में जोड़े।

वायर को electrical tape से सुरक्षित करें।



6. Blade लगाएं:
Fan blades को motor में दिए गए slots में लगाएं और screws से टाइट करें।


7. Canopy लगाएं (Covering):
Canopy को ऊपर स्लाइड करके स्क्रू से टाइट करें ताकि वायरिंग छिप जाए।


8. Remote Battery डालें:
Remote में AAA battery डालें (Atomberg remote included होता है)।


9. पावर चालू करें और टेस्ट करें:
MCB चालू करें, और remote से fan को चालू कर के speed चेक करें।




---

✅ Atomberg Fan Features (Short Summary):

Energy saving BLDC motor (28W)

Remote control with boost, timer, and sleep modes

No noise, smooth operation

Up to ₹1500/year electricity saving



---

📌 Suggested YouTube/Blog Title:

""How to Install Atomberg BLDC Ceiling Fan | Step-by-Step Hindi Guide with Remote Setup""


---

🏷️ Hashtags / Tags for Video or Blog (SEO Optimized):

#AtombergFan #BLDCFan #CeilingFanInstallation #FanInstallationGuide #AtombergCeilingFan #BLDCMotorFan #EnergySavingFan #AtombergRemoteFan #HindiFanInstallation #CeilingFanWithRemote #HomeImprovement #DoItYourself #DIYFanInstallation #RemoteControlledFan


---

Agar aap chahen toh main aapke liye video script ya infographic format mein bhi ye content ready kar sakta hoon.

Batayein aapko aur kya format chahiye?",Anand Tech solutions,2025-06-05T07:14:17Z,2646050.0,28221,179.0,https://youtube.com/watch?v=_B_G_H5YpxM,,,,,,,,,,,,atomberg fan,"Atomberg bldc fan installation / bldc ceiling fan installation / atomberg ceiling fan fitting #home Here’s a suggested YouTube video title and description for a video on installing an Atomberg BLDC ceiling fan:


---

🔧 Title:

How to Install Atomberg BLDC Ceiling Fan | Step-by-Step Guide (Gorilla Fan)


---

📄 Description:

Installing your Atomberg BLDC ceiling fan? Follow this complete step-by-step guide to safely and easily set up your energy-efficient Gorilla fan at home.

👉 In this video, you'll learn:

Unboxing the Atomberg BLDC fan

Tools you’ll need

Wiring and connections

Mounting the motor and blades

Installing the remote and testing


⚡ BLDC Technology Benefits:

Saves up to 65% electricity

Works on inverter backup

Silent and powerful performance

Remote control operation


🛠️ Tools Required:

Screwdriver

Pliers

Ladder

Wire connectors

Voltage tester (optional)


💡 Important Safety Tips:

Switch off the mains before starting installation

If unsure, consult a certified electrician


📌 Fan Model Used in This Video: Atomberg Renesa (BLDC) 1200mm
✅ Suitable for other Atomberg models like Efficio, Studio+, Renesa+ etc.


---

🔗 Buy Atomberg Fans Online:
Amazon: [Insert affiliate link]
Flipkart: [Insert affiliate link]

📥 Have questions? Drop them in the comments and we’ll help you out!

👍 Like | 🔔 Subscribe | 💬 Share

#Atomberg #BLDCfan #FanInstallation #EnergySaving #DIYfanInstall #GorillaFan


---

#AtombergFan #BLDCFan #CeilingFanInstallation #FanInstallationGuide #AtombergCeilingFan #BLDCMotorFan #EnergySavingFan #AtombergRemoteFan #HindiFanInstallation #CeilingFanWithRemote #HomeImprovement #DoItYourself #DIYFanInstallation #RemoteControlledFan
Atomberg BLDC Ceiling Fan Installation – Full Description & Tags (in Hindi + English)


---

🛠️ Installation Description (Full Guide in Hindi):

""Atomberg BLDC Ceiling Fan Installation"" ka process asaan hai, lekin agar aap pehli baar kar rahe hain, toh ye step-by-step guide madad karegi:


---

आवश्यक टूल्स (Required Tools):

Screwdriver set

Tester

Pliers

Electrical tape

Ladder

Wire connectors

Drill machine (अगर नया installation है)



---

स्टेप-बाय-स्टेप इंस्टॉलेशन गाइड:

1. पावर सप्लाई बंद करें (Switch Off Main Supply):
किसी भी electrical काम से पहले main MCB बंद करना ज़रूरी है।


2. पुराना फैन हटाएं (Remove Old Fan):
अगर पहले से कोई फैन है, तो उसे ध्यान से हटाएं। वायरिंग को disconnect करें।


3. Mounting Bracket लगाएं:
Atomberg fan के साथ मिलने वाला mounting bracket सीलिंग पर स्क्रू से कस कर लगाएं।


4. Fan Motor को Mount करें:
Atomberg fan ke motor unit ko bracket में सही से लगाएं। यह आसानी से लटक जाता है।


5. Wiring करें (Electrical Connection):

Motor के wire को ceiling wiring से जोड़ें (Live, Neutral)

Remote receiver (अगर external है) को बीच में जोड़े।

वायर को electrical tape से सुरक्षित करें।



6. Blade लगाएं:
Fan blades को motor में दिए गए slots में लगाएं और screws से टाइट करें।


7. Canopy लगाएं (Covering):
Canopy को ऊपर स्लाइड करके स्क्रू से टाइट करें ताकि वायरिंग छिप जाए।


8. Remote Battery डालें:
Remote में AAA battery डालें (Atomberg remote included होता है)।


9. पावर चालू करें और टेस्ट करें:
MCB चालू करें, और remote से fan को चालू कर के speed चेक करें।




---

✅ Atomberg Fan Features (Short Summary):

Energy saving BLDC motor (28W)

Remote control with boost, timer, and sleep modes

No noise, smooth operation

Up to ₹1500/year electricity saving



---

📌 Suggested YouTube/Blog Title:

""How to Install Atomberg BLDC Ceiling Fan | Step-by-Step Hindi Guide with Remote Setup""


---

🏷️ Hashtags / Tags for Video or Blog (SEO Optimized):

#AtombergFan #BLDCFan #CeilingFanInstallation #FanInstallationGuide #AtombergCeilingFan #BLDCMotorFan #EnergySavingFan #AtombergRemoteFan #HindiFanInstallation #CeilingFanWithRemote #HomeImprovement #DoItYourself #DIYFanInstallation #RemoteControlledFan


---

Agar aap chahen toh main aapke liye video script ya infographic format mein bhi ye content ready kar sakta hoon.

Batayein aapko aur kya format chahiye?",['Atomberg'],1,Atomberg,True,neutral,0.064,31225.05
YouTube,bRW2z6D96OU,Atomberg BLDC Ceiling Fan 💸 This Fan Saves ₹1500/year!  Atomberg Renesa Halo #Shorts,"Atomberg Renesa 1200mm 🌀 – Smartest Fan in India? 🔥 BLDC + Voice Control #Shorts
Looking for a stylish and energy-efficient ceiling fan? Meet the Atomberg Renesa Halo Smart 1200mm – India's smartest fan with BLDC motor, voice control, iot and LED speed indicator! Perfect for modern homes 🏡

✅ Smart Remote + App + Alexa/Google Assistant
✅ 65% Energy Saving with BLDC Technology
✅ LED Speed Indicator + Sleep Mode
✅ Silent Performance for Bedrooms & Living Rooms

🔔 Subscribe for more smart home reviews 

#Atomberg #SmartFan #CeilingFan #TechReview #HomeAppliances #Shorts",Lovepreet Singh,2025-05-11T08:30:15Z,513402.0,4096,31.0,https://youtube.com/watch?v=bRW2z6D96OU,,,,,,,,,,,,atomberg fan,"Atomberg BLDC Ceiling Fan 💸 This Fan Saves ₹1500/year!  Atomberg Renesa Halo #Shorts Atomberg Renesa 1200mm 🌀 – Smartest Fan in India? 🔥 BLDC + Voice Control #Shorts
Looking for a stylish and energy-efficient ceiling fan? Meet the Atomberg Renesa Halo Smart 1200mm – India's smartest fan with BLDC motor, voice control, iot and LED speed indicator! Perfect for modern homes 🏡

✅ Smart Remote + App + Alexa/Google Assistant
✅ 65% Energy Saving with BLDC Technology
✅ LED Speed Indicator + Sleep Mode
✅ Silent Performance for Bedrooms & Living Rooms

🔔 Subscribe for more smart home reviews 

#Atomberg #SmartFan #CeilingFan #TechReview #HomeAppliances #Shorts",['Atomberg'],1,Atomberg,True,positive,0.311,4671.402
YouTube,nusaiUSPyGM,atomberg bldc ceiling fan installation / atomberg bldc fan fitting  #atomberg #bldcfan #ceilingfan,"atomberg bldc ceiling fan installation
atomberg bldc fan fitting

Here’s a helpful step-by-step YouTube guide on installing an Atomberg BLDC ceiling fan — clear, visual, and thorough:

📌 Video Details

Title: BLDC Fan Installation step by step with Safety Rope/ Wire #atomberg
Published: ~2.1 years ago
Covered Fan Models: Shows Atomberg Efficio Alpha (and other BLDC fans)
Length & Style: Detailed walkthrough of pre-install checks, mechanical mounting, wiring, safety rope usage, balancing, and testing—ideal for DIY installation.

🎯 Suggested Title, Description & Tags

YouTube Title:
How to Install Atomberg BLDC Ceiling Fan | Step‑by‑Step Guide

Description (brief):

Learn how to install your Atomberg BLDC ceiling fan safely and efficiently! This step‑by‑step tutorial covers:

1. Checking electrical supply  
2. Mounting the ceiling plate & safety rope  
3. Connecting live, neutral & earth wires  
4. Securing the fan canopy & blades  
5. Balancing and testing operation

Perfect for Efficio Alpha, Renesa, Studio+, Erica & other Atomberg models.

Tags:

Atomberg,BLDC fan installation,BLDC ceiling fan,DyI fan install,Atomberg Efficio Alpha,Atomberg Renesa,Studio+,Erica,energy saving fan,step by step installation

✅ What Video Includes & Why It's Useful

Pre‑installation prep: Confirms power off, wire checks, faceplate and safety rope use—essential for safe installation.

Mechanical mounting: Guides through assembling canopy, downrod, rotor, and blades.

Electrical wiring: Demonstrates clear connections for live, neutral, earth.

Safety checks: Shows importance of a rope for securing the fan before wiring.

Testing & balancing: Final checks ensure quiet, wobble‑free operation—crucial for BLDC motors.

Let me know if you’d like a breakdown for a specific model like the Renesa, a written summary, or help finding manuals!",Anand Tech solutions,2025-07-12T08:39:31Z,589726.0,5122,13.0,https://youtube.com/watch?v=nusaiUSPyGM,,,,,,,,,,,,atomberg fan,"atomberg bldc ceiling fan installation / atomberg bldc fan fitting  #atomberg #bldcfan #ceilingfan atomberg bldc ceiling fan installation
atomberg bldc fan fitting

Here’s a helpful step-by-step YouTube guide on installing an Atomberg BLDC ceiling fan — clear, visual, and thorough:

📌 Video Details

Title: BLDC Fan Installation step by step with Safety Rope/ Wire #atomberg
Published: ~2.1 years ago
Covered Fan Models: Shows Atomberg Efficio Alpha (and other BLDC fans)
Length & Style: Detailed walkthrough of pre-install checks, mechanical mounting, wiring, safety rope usage, balancing, and testing—ideal for DIY installation.

🎯 Suggested Title, Description & Tags

YouTube Title:
How to Install Atomberg BLDC Ceiling Fan | Step‑by‑Step Guide

Description (brief):

Learn how to install your Atomberg BLDC ceiling fan safely and efficiently! This step‑by‑step tutorial covers:

1. Checking electrical supply  
2. Mounting the ceiling plate & safety rope  
3. Connecting live, neutral & earth wires  
4. Securing the fan canopy & blades  
5. Balancing and testing operation

Perfect for Efficio Alpha, Renesa, Studio+, Erica & other Atomberg models.

Tags:

Atomberg,BLDC fan installation,BLDC ceiling fan,DyI fan install,Atomberg Efficio Alpha,Atomberg Renesa,Studio+,Erica,energy saving fan,step by step installation

✅ What Video Includes & Why It's Useful

Pre‑installation prep: Confirms power off, wire checks, faceplate and safety rope use—essential for safe installation.

Mechanical mounting: Guides through assembling canopy, downrod, rotor, and blades.

Electrical wiring: Demonstrates clear connections for live, neutral, earth.

Safety checks: Shows importance of a rope for securing the fan before wiring.

Testing & balancing: Final checks ensure quiet, wobble‑free operation—crucial for BLDC motors.

Let me know if you’d like a breakdown for a specific model like the Renesa, a written summary, or help finding manuals!",['Atomberg'],1,Atomberg,True,positive,0.225,5737.726
YouTube,u_kxhHjHln0,Atomberg Renesa 1400mm,"Atomberg Renesa 1400mm
mrp 3850 on atomberg website",AMARDEEP Toor,2022-05-04T17:45:33Z,3619713.0,32616,399.0,https://youtube.com/watch?v=u_kxhHjHln0,,,,,,,,,,,,atomberg fan,"Atomberg Renesa 1400mm Atomberg Renesa 1400mm
mrp 3850 on atomberg website",['Atomberg'],1,Atomberg,True,neutral,0.0,37033.713
YouTube,nVPNjae59-s,Atomberg Rensa Plus BLDC Fan #gadgetshorts  #shorts,"Atomberg Rensa Plus BLDC Fan #gadgetshorts  #shorts 
atomberg Renesa+ 1200mm BLDC Motor 5 Star Rated Ceiling Fans for Home with Remote Control 
Buy Link: https://amzn.to/3K0Q5rd
https://fktr.in/21KipgH

#bldcfan #atomberg #rensaplus #atombergrensa #utpadunbox #smartfan",Utpad Unbox,2023-03-23T06:16:22Z,2896271.0,24557,201.0,https://youtube.com/watch?v=nVPNjae59-s,,,,,,,,,,,,atomberg fan,"Atomberg Rensa Plus BLDC Fan #gadgetshorts  #shorts Atomberg Rensa Plus BLDC Fan #gadgetshorts  #shorts 
atomberg Renesa+ 1200mm BLDC Motor 5 Star Rated Ceiling Fans for Home with Remote Control 
Buy Link: https://amzn.to/3K0Q5rd
https://fktr.in/21KipgH

#bldcfan #atomberg #rensaplus #atombergrensa #utpadunbox #smartfan",['Atomberg'],1,Atomberg,True,neutral,-0.1,27855.271
YouTube,eUqNCj2T55I,Atomberg renesa smart plus 1200 mm ceiling fan pearl white unboxing #atomberg #atombergfan #renesa,,Gtfuturetechnology,2024-09-15T08:00:02Z,607985.0,2937,38.0,https://youtube.com/watch?v=eUqNCj2T55I,,,,,,,,,,,,atomberg fan,Atomberg renesa smart plus 1200 mm ceiling fan pearl white unboxing #atomberg #atombergfan #renesa nan,['Atomberg'],1,Atomberg,True,positive,0.107,3620.985
YouTube,bQbKhXIE9V0,Atomberg BLDC Ceiling fan Sleep Mode Use #atombergfan #renesa  #bldcfan Atomberg Fan remote function,"Atomberg BLDC Ceiling fan Sleep Mode Use #atombergfan #renesa  #bldcfan Atomberg Fan remote function
Atomberg BLDC fan 
Atomberg renesa Bldc fan 
Atomberg renesa earth brown 
Renesa Bldc fan 
Atomberg Fan remote function 
Atomberg Fan remote control 
Shorts 
Viral video 
Burning fan
#Ceilingfanlight
#atombergfan 
#AtombergFanremotefunction
#bestbldcfan2025 
#bestbldcfan 
#bestbldcfaninindia 
#fanremote",Lighting Adda,2025-02-07T06:30:45Z,498155.0,1507,23.0,https://youtube.com/watch?v=bQbKhXIE9V0,,,,,,,,,,,,atomberg fan,"Atomberg BLDC Ceiling fan Sleep Mode Use #atombergfan #renesa  #bldcfan Atomberg Fan remote function Atomberg BLDC Ceiling fan Sleep Mode Use #atombergfan #renesa  #bldcfan Atomberg Fan remote function
Atomberg BLDC fan 
Atomberg renesa Bldc fan 
Atomberg renesa earth brown 
Renesa Bldc fan 
Atomberg Fan remote function 
Atomberg Fan remote control 
Shorts 
Viral video 
Burning fan
#Ceilingfanlight
#atombergfan 
#AtombergFanremotefunction
#bestbldcfan2025 
#bestbldcfan 
#bestbldcfaninindia 
#fanremote",['Atomberg'],1,Atomberg,True,neutral,-0.1,2051.155
YouTube,g3uJjG1zxd0,Atomberg Renesa smart fan #shorts #youtubeshorts #smartgadgets #homeimprovement #amazonfinds,"Atomberg Renesa smart fan #shorts #youtubeshorts #smartgadgets #homeimprovement #amazonfinds #flipkart #atomberg #smarthome #smarthomegadgets #homedecor #ceilingfan 
Atomberg Renesa smart fan |
Smart home appliances |
Smart home gadgets |
Home finds |
Amazon home finds |
Flipkart finds |
Ceiling fan |
Home improvement products |",Quirk Art for Home by Stuti,2024-07-26T04:32:41Z,1746036.0,6145,35.0,https://youtube.com/watch?v=g3uJjG1zxd0,,,,,,,,,,,,atomberg fan,"Atomberg Renesa smart fan #shorts #youtubeshorts #smartgadgets #homeimprovement #amazonfinds Atomberg Renesa smart fan #shorts #youtubeshorts #smartgadgets #homeimprovement #amazonfinds #flipkart #atomberg #smarthome #smarthomegadgets #homedecor #ceilingfan 
Atomberg Renesa smart fan |
Smart home appliances |
Smart home gadgets |
Home finds |
Amazon home finds |
Flipkart finds |
Ceiling fan |
Home improvement products |",['Atomberg'],1,Atomberg,True,positive,0.214,7961.036
YouTube,XhfpqLn0mlg,Atomberg Renesa Enzel 1200mm BLDC Ceiling fan #viral #youtubeshorts #atomberg #amazon #kerala,"Product Link:
https://amzn.in/d/ekS84W8",SNN Vlogs 🎥,2024-09-05T08:09:03Z,152356.0,1088,25.0,https://youtube.com/watch?v=XhfpqLn0mlg,,,,,,,,,,,,atomberg fan,"Atomberg Renesa Enzel 1200mm BLDC Ceiling fan #viral #youtubeshorts #atomberg #amazon #kerala Product Link:
https://amzn.in/d/ekS84W8",['Atomberg'],1,Atomberg,True,neutral,0.0,1290.356
YouTube,hdDels9Z5ww,Atomberg Renesa 1200mm BLDC Motor 5 Star | Ceiling fan Installation #electricalelectricianwireman,"#bldcfan #smartfan #electricalelectricianwireman #google 

Atomberg Renesa 1200mm BLDC Motor 5 Star | Atomberg Ceiling fan Installation

Sales Package =
1 Set of Blades, 1 Remote, Mounting Kit, 1 Motor, 2 Canopies, 1 Down Rod

      Please Subscribe My YouTube Channel  And Support Me .Thanks For Visit My Channel

     🙏  Thank You For Watching Video  🙏


#electricalelectricianwireman,
#Electrical Electrician Wireman,
#इलेक्ट्रिकलइलेक्ट्रीशियनवायरमन,
#इलेक्ट्रिकल,#Electrical,
#इलेक्ट्रीशियन,#Electrician,
#वायरमन,#Wireman,
#electrical wiring,#विजेचीवायरिंग,
#Electrical,#इलेक्ट्रिकल,
#wiring,#वायरिंग,
#Electrician,#इलेक्ट्रीशियन,
#Wireman,#वायरमन,
#Electrician Wireman,#इलेक्ट्रिशियनवायरमन,
#Electrical,#इलेक्ट्रिकल,
#Electrical Electrician Wireman,
#इलेक्ट्रिकल इलेक्ट्रीशियन वायरमन,
#how,#short,#videos,#electrical,#wiring,#electricalwiring,#google,#google.com,#YouTube,#youtube.com",Electrical Electrician Wireman,2023-07-29T04:30:25Z,1770429.0,26923,250.0,https://youtube.com/watch?v=hdDels9Z5ww,,,,,,,,,,,,atomberg fan,"Atomberg Renesa 1200mm BLDC Motor 5 Star | Ceiling fan Installation #electricalelectricianwireman #bldcfan #smartfan #electricalelectricianwireman #google 

Atomberg Renesa 1200mm BLDC Motor 5 Star | Atomberg Ceiling fan Installation

Sales Package =
1 Set of Blades, 1 Remote, Mounting Kit, 1 Motor, 2 Canopies, 1 Down Rod

      Please Subscribe My YouTube Channel  And Support Me .Thanks For Visit My Channel

     🙏  Thank You For Watching Video  🙏


#electricalelectricianwireman,
#Electrical Electrician Wireman,
#इलेक्ट्रिकलइलेक्ट्रीशियनवायरमन,
#इलेक्ट्रिकल,#Electrical,
#इलेक्ट्रीशियन,#Electrician,
#वायरमन,#Wireman,
#electrical wiring,#विजेचीवायरिंग,
#Electrical,#इलेक्ट्रिकल,
#wiring,#वायरिंग,
#Electrician,#इलेक्ट्रीशियन,
#Wireman,#वायरमन,
#Electrician Wireman,#इलेक्ट्रिशियनवायरमन,
#Electrical,#इलेक्ट्रिकल,
#Electrical Electrician Wireman,
#इलेक्ट्रिकल इलेक्ट्रीशियन वायरमन,
#how,#short,#videos,#electrical,#wiring,#electricalwiring,#google,#google.com,#YouTube,#youtube.com",['Atomberg'],1,Atomberg,True,negative,-0.128,29193.429
YouTube,JADwg_B5Als,Atomberg Renesa Halo Smart BLDC Ceiling Fan⚡️LED Speed Indicator⚡️Work with Voice Assistant #shorts,atomberg Renesa Halo Smart 1200mm BLDC Ceiling Fan with IoT & Remote | 5 star | High Air Delivery | Low noise operation | LED Speed Indicator | Sleek Design | 3 Year Warranty,Niraj Shorts Show,2025-09-14T14:54:47Z,14367.0,111,7.0,https://youtube.com/watch?v=JADwg_B5Als,,,,,,,,,,,,atomberg fan,Atomberg Renesa Halo Smart BLDC Ceiling Fan⚡️LED Speed Indicator⚡️Work with Voice Assistant #shorts atomberg Renesa Halo Smart 1200mm BLDC Ceiling Fan with IoT & Remote | 5 star | High Air Delivery | Low noise operation | LED Speed Indicator | Sleek Design | 3 Year Warranty,['Atomberg'],1,Atomberg,True,neutral,0.098,139.367
YouTube,XAEsjnuVj6I,Atomberg renesa prime BLDC ceiling fan #shorts #atombergfan #atomberg #remotefan #bldcfan,"Atomberg Renesa Prime Remote 5 Star 1200 mm 3 Blade Ceiling Fan

Flipkart 👇 
https://dl.flipkart.com/s/zGWvfwuuuN

My other videos:
https://youtube.com/@Mr.hackertech

so guys please apne channel ko subscribe Karen thanks 🙏

#atombergfan #bldcmotor #ceilingfan #ceilingdecoration #atomberg #newlaunch2025 

thanks for watching 🙏🙏",MR. HACKER TECH,2025-07-23T00:45:03Z,5910.0,41,0.0,https://youtube.com/watch?v=XAEsjnuVj6I,,,,,,,,,,,,atomberg fan,"Atomberg renesa prime BLDC ceiling fan #shorts #atombergfan #atomberg #remotefan #bldcfan Atomberg Renesa Prime Remote 5 Star 1200 mm 3 Blade Ceiling Fan

Flipkart 👇 
https://dl.flipkart.com/s/zGWvfwuuuN

My other videos:
https://youtube.com/@Mr.hackertech

so guys please apne channel ko subscribe Karen thanks 🙏

#atombergfan #bldcmotor #ceilingfan #ceilingdecoration #atomberg #newlaunch2025 

thanks for watching 🙏🙏",['Atomberg'],1,Atomberg,True,neutral,0.044,46.91
YouTube,gFT688pEDYk,Atomberg BLDC Ceiling fan With remote 3in1 Led light Smart fan  #remotefan  #atombergfan #ceilingfan,,Lighting Adda,2025-06-04T05:00:59Z,36512.0,155,0.0,https://youtube.com/watch?v=gFT688pEDYk,,,,,,,,,,,,atomberg fan,Atomberg BLDC Ceiling fan With remote 3in1 Led light Smart fan  #remotefan  #atombergfan #ceilingfan nan,['Atomberg'],1,Atomberg,True,positive,0.171,191.512
YouTube,Ggi5JIDlXYs,atomberg fan review atomberg bldc fan review,"watch full video: https://youtu.be/t9FvcC4f1Ss

Looking for an energy-efficient and stylish ceiling fan? Check out our detailed Atomberg Renesa BLDC Fan Review, where we discuss its performance, design, and electricity savings. This fan is perfect for those seeking a smart ceiling fan with modern features like remote control and quiet operation.
Don’t miss out on this comprehensive BLDC fan buying guide to make an informed purchase. Like, share, and subscribe for more honest reviews!

All the links below are affiliate links. Using them for your purchase won't increase the price, but Emm Vlogs may get some affiliate commission.

» atomberg Renesa+ BLDC Fan - https://amzn.to/3Z9QPk2 

#AtombergRenesa #BLDCFans #EnergyEfficientFans #CeilingFanReview #SmartFans #BestBLDCFans #ElectricitySavings #HomeAppliances #AtombergFanReview #BLDCFanGuide

Subscribe for more videos: https://www.youtube.com/EmmVlogs
Like us on Facebook: https://www.facebook.com/emmvlogs
Follow us on Instagram: https://instagram.com/emmvlogs

Thanks for Watching


Disclaimer: In this video, I've discussed my personal opinions on the items, their features, and their after-sales support. On this, others might hold a different viewpoint. I disclaim all liability for any information, specifications, features, or after-sale support discussed in this video. Please be aware before making any purchasing decisions that I do not intend to persuade or force anyone to dislike any product or brand.


Atomberg Renesa BLDC fan review
Best BLDC fan in India
Energy-efficient fans
BLDC ceiling fan review
Atomberg fan performance
Atomberg fan features
Smart ceiling fans
BLDC fan electricity savings
Quiet ceiling fans
Atomberg BLDC fan comparison
Atomberg Renesa BLDC fan review
Atomberg fan performance
Best BLDC fan in India
Atomberg Renesa pros and cons
Energy-efficient ceiling fan review
Atomberg BLDC fan comparison
Atomberg Renesa price in India
BLDC ceiling fan buying guide
Atomberg fan durability review
BLDC fan electricity savings
Atomberg Renesa features
BLDC fan with remote control
Smart ceiling fan review
Atomberg fan installation guide
BLDC fan power consumption
Atomberg Renesa design review
Quiet ceiling fan for homes
Atomberg fan warranty details
Budget-friendly BLDC fans
Why choose Atomberg fans?",EMM VLOGS,2025-02-07T12:31:29Z,265119.0,2561,85.0,https://youtube.com/watch?v=Ggi5JIDlXYs,,,,,,,,,,,,atomberg fan,"atomberg fan review atomberg bldc fan review watch full video: https://youtu.be/t9FvcC4f1Ss

Looking for an energy-efficient and stylish ceiling fan? Check out our detailed Atomberg Renesa BLDC Fan Review, where we discuss its performance, design, and electricity savings. This fan is perfect for those seeking a smart ceiling fan with modern features like remote control and quiet operation.
Don’t miss out on this comprehensive BLDC fan buying guide to make an informed purchase. Like, share, and subscribe for more honest reviews!

All the links below are affiliate links. Using them for your purchase won't increase the price, but Emm Vlogs may get some affiliate commission.

» atomberg Renesa+ BLDC Fan - https://amzn.to/3Z9QPk2 

#AtombergRenesa #BLDCFans #EnergyEfficientFans #CeilingFanReview #SmartFans #BestBLDCFans #ElectricitySavings #HomeAppliances #AtombergFanReview #BLDCFanGuide

Subscribe for more videos: https://www.youtube.com/EmmVlogs
Like us on Facebook: https://www.facebook.com/emmvlogs
Follow us on Instagram: https://instagram.com/emmvlogs

Thanks for Watching


Disclaimer: In this video, I've discussed my personal opinions on the items, their features, and their after-sales support. On this, others might hold a different viewpoint. I disclaim all liability for any information, specifications, features, or after-sale support discussed in this video. Please be aware before making any purchasing decisions that I do not intend to persuade or force anyone to dislike any product or brand.


Atomberg Renesa BLDC fan review
Best BLDC fan in India
Energy-efficient fans
BLDC ceiling fan review
Atomberg fan performance
Atomberg fan features
Smart ceiling fans
BLDC fan electricity savings
Quiet ceiling fans
Atomberg BLDC fan comparison
Atomberg Renesa BLDC fan review
Atomberg fan performance
Best BLDC fan in India
Atomberg Renesa pros and cons
Energy-efficient ceiling fan review
Atomberg BLDC fan comparison
Atomberg Renesa price in India
BLDC ceiling fan buying guide
Atomberg fan durability review
BLDC fan electricity savings
Atomberg Renesa features
BLDC fan with remote control
Smart ceiling fan review
Atomberg fan installation guide
BLDC fan power consumption
Atomberg Renesa design review
Quiet ceiling fan for homes
Atomberg fan warranty details
Budget-friendly BLDC fans
Why choose Atomberg fans?",['Atomberg'],1,Atomberg,True,positive,0.322,2996.119
YouTube,X2Y8LZcbmEY,Ok Google - Atomberg Renesa Smart+ BLDC Ceiling fan | Alexa + Remote 🫶,"#BLDCFan #SmartFan #Atomberg


Today I am unboxing one of the best smart BLDC ceiling fan in the market from Atomberg. It's a BLDC Smart Fan which saves 65% electricity and comes with smart features like voice control with Alexa and Google home, Atomberg Home Application. 

Buy links:

Renesa Smart+: 
Atomberg: https://atomberg.com/atomberg-renesa-smart-iot-enabled-ceiling-fans-with-bldc-motor-and-remote
Amazon: https://amzn.to/43HVIkX
Flipkart: https://fktr.in/108zj37

Atomberg, is the leading brand in smartfans, has combined technology with energy efficiency to create the ultimate solution.

Key features of Atomberg Renesa Smart+:

Smart Control: Control your fan with ease using the mobile app, voice assistant, or remote control.

BLDC Motor: Enjoy efficient performance and energy savings with the powerful BLDC motor.

5-Star Rated by BEE: Recognized for outstanding energy efficiency by the Bureau of Energy Efficiency (BEE)

Easy to Clean: Hassle-free maintenance with a user-friendly design.

Upgrade your home with the smart BLDC fans Atomberg the best smart fans brand from India. Watch my review video to know more about these innovative fans and transform your living space today!

Don't forget to like, comment, and subscribe for more informative content on the latest smart technology.

Smart Ceiling Fan || Alexa + Remote Controlled | Atomberg Renesa Smart+ fan Unboxing & Review

#AtombergRenesaSmart+ #BestBLDCFans #BLDCMotor #EnergyEfficiency #HomeAppliances #atomberg #Alexa #CeilingFan #AtombergFan #SmartFan #CeilingFan #voicecontrol

Telegram Group -  Telegram.me/sivastechtribelive

Twitter : https://twitter.com/Siva_Bharani 

Instagram : https://www.instagram.com/sivabharani_u/ 

Facebook Page - https://www.facebook.com/sivabharaniudayaselvan

Contact me on Telegram - https://telegram.me/sivabharani 

For Sponsors and more information contact - usbfitnesspanda@gmail.com",Siva Bharani Udaya Selvan,2024-05-02T13:04:14Z,95734.0,2444,95.0,https://youtube.com/watch?v=X2Y8LZcbmEY,,,,,,,,,,,,atomberg fan,"Ok Google - Atomberg Renesa Smart+ BLDC Ceiling fan | Alexa + Remote 🫶 #BLDCFan #SmartFan #Atomberg


Today I am unboxing one of the best smart BLDC ceiling fan in the market from Atomberg. It's a BLDC Smart Fan which saves 65% electricity and comes with smart features like voice control with Alexa and Google home, Atomberg Home Application. 

Buy links:

Renesa Smart+: 
Atomberg: https://atomberg.com/atomberg-renesa-smart-iot-enabled-ceiling-fans-with-bldc-motor-and-remote
Amazon: https://amzn.to/43HVIkX
Flipkart: https://fktr.in/108zj37

Atomberg, is the leading brand in smartfans, has combined technology with energy efficiency to create the ultimate solution.

Key features of Atomberg Renesa Smart+:

Smart Control: Control your fan with ease using the mobile app, voice assistant, or remote control.

BLDC Motor: Enjoy efficient performance and energy savings with the powerful BLDC motor.

5-Star Rated by BEE: Recognized for outstanding energy efficiency by the Bureau of Energy Efficiency (BEE)

Easy to Clean: Hassle-free maintenance with a user-friendly design.

Upgrade your home with the smart BLDC fans Atomberg the best smart fans brand from India. Watch my review video to know more about these innovative fans and transform your living space today!

Don't forget to like, comment, and subscribe for more informative content on the latest smart technology.

Smart Ceiling Fan || Alexa + Remote Controlled | Atomberg Renesa Smart+ fan Unboxing & Review

#AtombergRenesaSmart+ #BestBLDCFans #BLDCMotor #EnergyEfficiency #HomeAppliances #atomberg #Alexa #CeilingFan #AtombergFan #SmartFan #CeilingFan #voicecontrol

Telegram Group -  Telegram.me/sivastechtribelive

Twitter : https://twitter.com/Siva_Bharani 

Instagram : https://www.instagram.com/sivabharani_u/ 

Facebook Page - https://www.facebook.com/sivabharaniudayaselvan

Contact me on Telegram - https://telegram.me/sivabharani 

For Sponsors and more information contact - usbfitnesspanda@gmail.com",['Atomberg'],1,Atomberg,True,positive,0.313,2729.734
YouTube,Mi47WrYB5mc,Best Smart fan For Home #shorts #youtubeshorts | Atomberg Aris Contour Smart 1200mm BLDC Ceiling Fan,"Best Smart fan For Home #shorts #youtubeshorts | Atomberg Aris Contour Smart 1200mm BLDC Ceiling Fan
Buying Link: https://amzn.to/4bb4vBd


#TechInnovation #SmartHome #CeilingFan #Atomberg #TechReview #SmartLiving #ModernDesign #GadgetLover #HomeTech #shailendrakhare",Shailendra Khare,2025-03-26T15:30:15Z,491590.0,4172,41.0,https://youtube.com/watch?v=Mi47WrYB5mc,,,,,,,,,,,,atomberg fan,"Best Smart fan For Home #shorts #youtubeshorts | Atomberg Aris Contour Smart 1200mm BLDC Ceiling Fan Best Smart fan For Home #shorts #youtubeshorts | Atomberg Aris Contour Smart 1200mm BLDC Ceiling Fan
Buying Link: https://amzn.to/4bb4vBd


#TechInnovation #SmartHome #CeilingFan #Atomberg #TechReview #SmartLiving #ModernDesign #GadgetLover #HomeTech #shailendrakhare",['Atomberg'],1,Atomberg,True,positive,0.476,4745.59
YouTube,v9qhHxaDTTg,atomberg bldc pedestal fan installation,"atomberg bldc pedestal fan installation


#atomberg 
#atombergfan 
#shorts",KelviN  KitcheN  SmarT,2025-04-26T11:39:54Z,46786.0,567,12.0,https://youtube.com/watch?v=v9qhHxaDTTg,,,,,,,,,,,,atomberg fan,"atomberg bldc pedestal fan installation atomberg bldc pedestal fan installation


#atomberg 
#atombergfan 
#shorts",['Atomberg'],1,Atomberg,True,neutral,0.0,637.7860000000001
YouTube,O9EIFUMljis,Atomberg Renesa Prime ! Smart BLDC fan with Remote control & Led Light #atombergfan #bldcfan #review,cheap & best bldc fan with low. power consumption only 26 watt with 1200 mm sweep,My Smart Support ,2025-03-25T12:03:57Z,372712.0,3496,31.0,https://youtube.com/watch?v=O9EIFUMljis,,,,,,,,,,,,atomberg fan,Atomberg Renesa Prime ! Smart BLDC fan with Remote control & Led Light #atombergfan #bldcfan #review cheap & best bldc fan with low. power consumption only 26 watt with 1200 mm sweep,['Atomberg'],1,Atomberg,True,positive,0.273,3930.712
YouTube,APgxBBz-9kk,Best Smart fan For Home #shorts #youtubeshorts | #atomberg  Studio Nexus 1200mm BLDC Ceiling Fan,"Best Smart fan For Home #shorts #youtubeshorts | Atomberg Aris
Contour Smart 1200mm BLDC Ceiling Fan
Buying Link
#SmartHome #CeilingFan #Atomberg #TechReview #SmartLiving #ModernDesign #GadgetLover
#hometech #atombergfan",Ajay Punekar,2025-07-26T13:23:33Z,26082.0,413,10.0,https://youtube.com/watch?v=APgxBBz-9kk,,,,,,,,,,,,atomberg fan,"Best Smart fan For Home #shorts #youtubeshorts | #atomberg  Studio Nexus 1200mm BLDC Ceiling Fan Best Smart fan For Home #shorts #youtubeshorts | Atomberg Aris
Contour Smart 1200mm BLDC Ceiling Fan
Buying Link
#SmartHome #CeilingFan #Atomberg #TechReview #SmartLiving #ModernDesign #GadgetLover
#hometech #atombergfan",['Atomberg'],1,Atomberg,True,positive,0.529,459.082
YouTube,zORgB5AKDdY,Atomberg Fan Installation || Bldc fan Installation || Ceiling Fan #atomberg #bldc,"Atomberg Fan Installation || Bldc fan Installation || Ceiling Fan #atomberg #bldc

buy link👇 atomberg efficio
https://amzn.to/3ZDLoLt
https://amzn.to/45uvBSV

Buy Link 👇 6 in 1 energy meter
https://amzn.to/4la2lFF
https://amzn.to/4kK43h9
https://amzn.to/3ZydvM0
https://amzn.to/4kK444H
https://amzn.to/3FSp8qw


#bldcfan #bldc #bldcceilingfan #bldcfanrepair
#atomberg #atombergfan #atombergceilingfan
#ceilingfanbearing #ceilingfaninstallation #ceilingfaninstall #faninstallation #faninstall #ceilingfan #remotefan #bestbldcfan #callthetechnician 
@CallTheTechnician 

Your Queries:-
Atomberg Fan Installation
Bldc fan Installation
Ceiling Fan
call technician
best bldc ceiling fan in india 
atomberg bldc ceiling fan repair 
atomberg bldc ceiling fan review 
atomberg bldc ceiling fan remote control 
sabse sasta bldc ceiling fan 
bldc ceiling fan watt test 
bldc ceiling fan 
bldc ceiling fan repair 
bldc ceiling fan installation 
bldc ceiling fan review
bldc fan power consumption 
bldc fan watt testing
bldc fan repair 
bldc fan vs normal fan

How to Install BLDC Conversion Kit !! convert Old ceiling fan to BLDC fan #bldcfan

buy👇 Shop now on Meesho! 
https://www.meesho.com/s/p/51yikm?utm_source=s_cc


👇 Most Popular Video 👇 
👇Polycab BLDC 28 Watt Ceiling Fan Installation || How to Install Safety Wire In Ceiling Fa
https://youtu.be/fn-9X1f0WKc
👇How to Install BLDC Conversion Kit !! convert Old ceiling fan to BLDC fan
https://youtu.be/jSH54e3HTjU
👇bldc fan vs normal fan ! Polycab vs luminous ! What is the difference between BLDC Fans and Normal
https://youtu.be/v5HuRZoOv4w
👇BLDC fan vs Normal Fan 🔥 || कौनसा ज्यादा पैसा बचाता है || BLDC ceiling fan
https://youtu.be/-MxaX4sKsEo
👇Power Consumption Check Polycab BLDC Celing Fan 28 watt or 32 watt
https://youtu.be/tFoG39ljods
👇Ceiling Fan Regulator Connection। Remove Fan Regulator ! पंखा का खराब रेगुलेटर कैसे हटाए
https://youtu.be/yCu8Abn9cOU
👇How To install safety wire in Ceiling Fan Cable ।। छत के पंखे में सुरक्षा वायर कैसे लगाए
https://youtu.be/HqFF9wMFdP4
👇28w Polycab BLDC Celing Fan ! Information ! How To Install
https://youtu.be/otL9TwJdFnU
👇how To install Polycab BLDC 28Watt Celing Fan ! How To install fan safety wire ! Review
https://youtu.be/f1C_nGLJhX0
👇TV Fan Light इन्वर्टर पर चलाये! जोड़े पुराने स्विस बोर्ड में! How To Connect Switch in Inverter
https://youtu.be/rj2lOTNp0CY
👇UTL rMPPT Charge Controller की  ऐसी जानकारी 
https://youtu.be/zk7M71V_Xps
👇कैसे लगाए सोलर पेनल पुराने इन्वर्टर पर! 
https://youtu.be/CC6OgTHNJ2o
👇सोलर पेनल पर चलाये Washing Machine
https://youtu.be/fAx0NKHv0rw
👇Stabilizer For Refrigerator 
https://youtu.be/_n0khHEGSXo
👇सोलर पेनल स्टेंड बनाए मात्र 1380:₹ में 
https://youtu.be/gJ90v5BaIeM
👇Zunsolar सोलर पेनल में वायर कौनसा और कैसे लगाए 
https://youtu.be/RWQ8jeNXzgU 

#kbvedant #ceilingfan #ceilingfanconnection #ceilingfaninstallation #ceilingfanwiring #ceilingfanrepairing #bldcfan #bldcqsmotor #bldcmotor #bldc #bldcceilingfan #powersaverfan #powersaver #5starfan #28wattfan
#polycab #polycabfan #bajajfans #havells #luminus #orient #orientfan #bldckit #bldcconversionkit #bldckitinstall 


Are Polycab fans good
Which fan brand is best
Atomberg 
Bajaj
Orient
Havells
Polycab
Luminous.
What is the cost of Polycab fan
What is the price of Polycab fan 900mm
Is Polycab better than havells
How much does it cost to have someone install a ceiling fan
Can I install a ceiling fan myself
What is the best way to install a ceiling fan
Do you need an electrician to fit a ceiling fan
Is it worth installing ceiling fans

आपको सीलिंग फैन टांगने के लिए किसी प्रशिक्षित कारीगर की मदद लेने की ज़रुरत नहीं है | अपने सीलिंग फैन को मौजूदा तारों से जोड़ने के लिए ये ध्यान में रखें की आपके पास फैन का सही हार्डवेयर है और आपने उन तारों की बिजली पहले ही बंद कर दी है

સીલિંગ ફેન સેફ્ટી વાયર

સીલિંગ ફેન સેફ્ટી કેબલ જરૂરી છે

સીલિંગ ફેન સેફ્ટી કેબલ ઇન્સ્ટોલેશન

સીલિંગ ફેન સેફ્ટી પિન

સીલિંગ ફેન સેફ્ટી ગાર્ડ

ટેબલ પંખીની વાયરિંગ

Ceiling fan safety wire

Ceiling fan safety cable necessary

Ceiling fan safety cable installation

Ceiling Fan Safety pin

Ceiling Fan Safety Guard

छत पंखा सुरक्षा तार

छत पंखा सुरक्षा केबल आवश्यक है

छत पंखा सुरक्षा केबल स्थापना

सीलिंग फैन सेफ्टी पिन

सीलिंग फैन सेफ्टी गार्ड

टेबल पंखों की वायरिंग

टेबल पंखे की वायरिंग


अगर आपको हमारी वीडियो अच्छी लगी हो तो Please Subscribe जरूर करें  आप सब के सपोर्ट की जरूरत है हमे 🙏🙏🙂🙂🙏🙏

Instagram पर भी Follow कर सकते हैं 👇👇👇👇
https://instagram.com/kbvedant?igshid...

और आप हमें Moj App पर Follow कर सकते हैं👇👇👇👇
https://mojapp.in/@kbvedant?referrer=...

 हमारी वीडियो अच्छी लगी हो तो 
Please Subscribe : 👇👇👇👇
https://www.youtube.com/channel/UCei89B3JjgGvypMYFrkBIIQ
जरूर करें  आप सब के सपोर्ट की जरूरत है हमे 🙏🙏🙂🙂",Call The Technician,2024-10-11T16:30:14Z,275321.0,3719,80.0,https://youtube.com/watch?v=zORgB5AKDdY,,,,,,,,,,,,atomberg fan,"Atomberg Fan Installation || Bldc fan Installation || Ceiling Fan #atomberg #bldc Atomberg Fan Installation || Bldc fan Installation || Ceiling Fan #atomberg #bldc

buy link👇 atomberg efficio
https://amzn.to/3ZDLoLt
https://amzn.to/45uvBSV

Buy Link 👇 6 in 1 energy meter
https://amzn.to/4la2lFF
https://amzn.to/4kK43h9
https://amzn.to/3ZydvM0
https://amzn.to/4kK444H
https://amzn.to/3FSp8qw


#bldcfan #bldc #bldcceilingfan #bldcfanrepair
#atomberg #atombergfan #atombergceilingfan
#ceilingfanbearing #ceilingfaninstallation #ceilingfaninstall #faninstallation #faninstall #ceilingfan #remotefan #bestbldcfan #callthetechnician 
@CallTheTechnician 

Your Queries:-
Atomberg Fan Installation
Bldc fan Installation
Ceiling Fan
call technician
best bldc ceiling fan in india 
atomberg bldc ceiling fan repair 
atomberg bldc ceiling fan review 
atomberg bldc ceiling fan remote control 
sabse sasta bldc ceiling fan 
bldc ceiling fan watt test 
bldc ceiling fan 
bldc ceiling fan repair 
bldc ceiling fan installation 
bldc ceiling fan review
bldc fan power consumption 
bldc fan watt testing
bldc fan repair 
bldc fan vs normal fan

How to Install BLDC Conversion Kit !! convert Old ceiling fan to BLDC fan #bldcfan

buy👇 Shop now on Meesho! 
https://www.meesho.com/s/p/51yikm?utm_source=s_cc


👇 Most Popular Video 👇 
👇Polycab BLDC 28 Watt Ceiling Fan Installation || How to Install Safety Wire In Ceiling Fa
https://youtu.be/fn-9X1f0WKc
👇How to Install BLDC Conversion Kit !! convert Old ceiling fan to BLDC fan
https://youtu.be/jSH54e3HTjU
👇bldc fan vs normal fan ! Polycab vs luminous ! What is the difference between BLDC Fans and Normal
https://youtu.be/v5HuRZoOv4w
👇BLDC fan vs Normal Fan 🔥 || कौनसा ज्यादा पैसा बचाता है || BLDC ceiling fan
https://youtu.be/-MxaX4sKsEo
👇Power Consumption Check Polycab BLDC Celing Fan 28 watt or 32 watt
https://youtu.be/tFoG39ljods
👇Ceiling Fan Regulator Connection। Remove Fan Regulator ! पंखा का खराब रेगुलेटर कैसे हटाए
https://youtu.be/yCu8Abn9cOU
👇How To install safety wire in Ceiling Fan Cable ।। छत के पंखे में सुरक्षा वायर कैसे लगाए
https://youtu.be/HqFF9wMFdP4
👇28w Polycab BLDC Celing Fan ! Information ! How To Install
https://youtu.be/otL9TwJdFnU
👇how To install Polycab BLDC 28Watt Celing Fan ! How To install fan safety wire ! Review
https://youtu.be/f1C_nGLJhX0
👇TV Fan Light इन्वर्टर पर चलाये! जोड़े पुराने स्विस बोर्ड में! How To Connect Switch in Inverter
https://youtu.be/rj2lOTNp0CY
👇UTL rMPPT Charge Controller की  ऐसी जानकारी 
https://youtu.be/zk7M71V_Xps
👇कैसे लगाए सोलर पेनल पुराने इन्वर्टर पर! 
https://youtu.be/CC6OgTHNJ2o
👇सोलर पेनल पर चलाये Washing Machine
https://youtu.be/fAx0NKHv0rw
👇Stabilizer For Refrigerator 
https://youtu.be/_n0khHEGSXo
👇सोलर पेनल स्टेंड बनाए मात्र 1380:₹ में 
https://youtu.be/gJ90v5BaIeM
👇Zunsolar सोलर पेनल में वायर कौनसा और कैसे लगाए 
https://youtu.be/RWQ8jeNXzgU 

#kbvedant #ceilingfan #ceilingfanconnection #ceilingfaninstallation #ceilingfanwiring #ceilingfanrepairing #bldcfan #bldcqsmotor #bldcmotor #bldc #bldcceilingfan #powersaverfan #powersaver #5starfan #28wattfan
#polycab #polycabfan #bajajfans #havells #luminus #orient #orientfan #bldckit #bldcconversionkit #bldckitinstall 


Are Polycab fans good
Which fan brand is best
Atomberg 
Bajaj
Orient
Havells
Polycab
Luminous.
What is the cost of Polycab fan
What is the price of Polycab fan 900mm
Is Polycab better than havells
How much does it cost to have someone install a ceiling fan
Can I install a ceiling fan myself
What is the best way to install a ceiling fan
Do you need an electrician to fit a ceiling fan
Is it worth installing ceiling fans

आपको सीलिंग फैन टांगने के लिए किसी प्रशिक्षित कारीगर की मदद लेने की ज़रुरत नहीं है | अपने सीलिंग फैन को मौजूदा तारों से जोड़ने के लिए ये ध्यान में रखें की आपके पास फैन का सही हार्डवेयर है और आपने उन तारों की बिजली पहले ही बंद कर दी है

સીલિંગ ફેન સેફ્ટી વાયર

સીલિંગ ફેન સેફ્ટી કેબલ જરૂરી છે

સીલિંગ ફેન સેફ્ટી કેબલ ઇન્સ્ટોલેશન

સીલિંગ ફેન સેફ્ટી પિન

સીલિંગ ફેન સેફ્ટી ગાર્ડ

ટેબલ પંખીની વાયરિંગ

Ceiling fan safety wire

Ceiling fan safety cable necessary

Ceiling fan safety cable installation

Ceiling Fan Safety pin

Ceiling Fan Safety Guard

छत पंखा सुरक्षा तार

छत पंखा सुरक्षा केबल आवश्यक है

छत पंखा सुरक्षा केबल स्थापना

सीलिंग फैन सेफ्टी पिन

सीलिंग फैन सेफ्टी गार्ड

टेबल पंखों की वायरिंग

टेबल पंखे की वायरिंग


अगर आपको हमारी वीडियो अच्छी लगी हो तो Please Subscribe जरूर करें  आप सब के सपोर्ट की जरूरत है हमे 🙏🙏🙂🙂🙏🙏

Instagram पर भी Follow कर सकते हैं 👇👇👇👇
https://instagram.com/kbvedant?igshid...

और आप हमें Moj App पर Follow कर सकते हैं👇👇👇👇
https://mojapp.in/@kbvedant?referrer=...

 हमारी वीडियो अच्छी लगी हो तो 
Please Subscribe : 👇👇👇👇
https://www.youtube.com/channel/UCei89B3JjgGvypMYFrkBIIQ
जरूर करें  आप सब के सपोर्ट की जरूरत है हमे 🙏🙏🙂🙂","['Atomberg', 'Havells', 'Orient', 'Bajaj', 'Luminous', 'Polycab']",6,Atomberg,True,positive,0.448,4154.321
Twitter,,,,,,,0,,https://twitter.com/x/status/None,,unknown,0.0,0.0,0.0,,,,,,,atomberg fan,,[],0,Generic,False,neutral,0.0,0.0
Twitter,,,,,,,0,,https://twitter.com/x/status/None,,unknown,0.0,0.0,0.0,,,,,,,atomberg fan,,[],0,Generic,False,neutral,0.0,0.0
Twitter,,,,,,,0,,https://twitter.com/x/status/None,,unknown,0.0,0.0,0.0,,,,,,,atomberg fan,,[],0,Generic,False,neutral,0.0,0.0
Twitter,,,,,,,0,,https://twitter.com/x/status/None,,unknown,0.0,0.0,0.0,,,,,,,atomberg fan,,[],0,Generic,False,neutral,0.0,0.0
Twitter,,,,,,,0,,https://twitter.com/x/status/None,,unknown,0.0,0.0,0.0,,,,,,,atomberg fan,,[],0,Generic,False,neutral,0.0,0.0
Twitter,,,,,,,0,,https://twitter.com/x/status/None,,unknown,0.0,0.0,0.0,,,,,,,atomberg fan,,[],0,Generic,False,neutral,0.0,0.0
Twitter,,,,,,,0,,https://twitter.com/x/status/None,,unknown,0.0,0.0,0.0,,,,,,,atomberg fan,,[],0,Generic,False,neutral,0.0,0.0
Twitter,,,,,,,0,,https://twitter.com/x/status/None,,unknown,0.0,0.0,0.0,,,,,,,atomberg fan,,[],0,Generic,False,neutral,0.0,0.0
Twitter,,,,,,,0,,https://twitter.com/x/status/None,,unknown,0.0,0.0,0.0,,,,,,,atomberg fan,,[],0,Generic,False,neutral,0.0,0.0
Twitter,,,,,,,0,,https://twitter.com/x/status/None,,unknown,0.0,0.0,0.0,,,,,,,atomberg fan,,[],0,Generic,False,neutral,0.0,0.0
Instagram,3780899480842068099,,,,2025-12-05T12:39:22.000Z,,1,0.0,https://www.instagram.com/p/DR4dAu3DOCD/,,,,,,"💨✨ Control comfort at your fingertips.
Experience silent performance, smart efficiency, and premium design — all with Atomberg Fans from Aviraj Agencies.
Cooling that matches your lifestyle. ⚡

📞 Contact: 8007000100

[ Aviraj Agencies, Atomberg Fan, Smart Fan, BLDC Fan, Remote Control Fan, Energy Efficient Fan, Modern Home Appliances]

#AvirajAgencies #AtombergFan #SmartFan #BLDCFan #RemoteControlFan #StylishCooling #EnergyEfficient #ModernHomeLiving #FutureOfCooling #HomeAppliances",aviraj_agencies,Image,,,,atomberg fan,"💨✨ Control comfort at your fingertips.
Experience silent performance, smart efficiency, and premium design — all with Atomberg Fans from Aviraj Agencies.
Cooling that matches your lifestyle. ⚡

📞 Contact: 8007000100

[ Aviraj Agencies, Atomberg Fan, Smart Fan, BLDC Fan, Remote Control Fan, Energy Efficient Fan, Modern Home Appliances]

#AvirajAgencies #AtombergFan #SmartFan #BLDCFan #RemoteControlFan #StylishCooling #EnergyEfficient #ModernHomeLiving #FutureOfCooling #HomeAppliances",['Atomberg'],1,Atomberg,True,positive,0.106,1.0
Instagram,3770629374421960819,,,,2025-11-21T08:34:31.000Z,,1,0.0,https://www.instagram.com/p/DRT93A6Ewhz/,,,,,,"🔥 ഇനി എല്ലാം സ്‌മാർട്ടല്ലേ!!
ഏറ്റവും സുഖകരമായ കൂളിംഗ് – ഇനി Remote Control-ൽ! ❄️🌀
ATOMBERG Renesa Pedestal Fan 

💥 Limited Stock — Book Now!
ഇപ്പോൾ വെറും ₹3400/- മുതൽ 😱

📍 Ideal Electricals, Aluva
📞 +91 9895 446 422 | +91 8971 555 675
📧 idealelectricalsaluva@gmail.com

#PedestalFan #SmartFan #AtombergFan #BLDCFan #EnergyEfficient #RemoteFan #BestPrice #HomeAppliances #Aluva #IdealElectricals",ideal.electricals,Image,,,,atomberg fan,"🔥 ഇനി എല്ലാം സ്‌മാർട്ടല്ലേ!!
ഏറ്റവും സുഖകരമായ കൂളിംഗ് – ഇനി Remote Control-ൽ! ❄️🌀
ATOMBERG Renesa Pedestal Fan 

💥 Limited Stock — Book Now!
ഇപ്പോൾ വെറും ₹3400/- മുതൽ 😱

📍 Ideal Electricals, Aluva
📞 +91 9895 446 422 | +91 8971 555 675
📧 idealelectricalsaluva@gmail.com

#PedestalFan #SmartFan #AtombergFan #BLDCFan #EnergyEfficient #RemoteFan #BestPrice #HomeAppliances #Aluva #IdealElectricals",['Atomberg'],1,Atomberg,True,positive,0.229,1.0
Instagram,3754712319121288850,,,,2025-10-30T09:30:10.000Z,,1,0.0,https://www.instagram.com/p/DQbavX_Ae6S/,,,,,,"Save energy and stay cool with atomberg renesa prime fan ⚡ available now at Sreekariyam Trade & Electricals!

#sreekariyamtradeandelectricals #ste  #electricalshop #trivandrum #atombergfan #energysavingfan #homeessentials #trustedservice #qualityproducts #lowestprice #keralabusiness #electricalsupply #sreekariyam #nammudesreekariyam",sreekariyamtradeandelectricals,Image,,,,atomberg fan,"Save energy and stay cool with atomberg renesa prime fan ⚡ available now at Sreekariyam Trade & Electricals!

#sreekariyamtradeandelectricals #ste  #electricalshop #trivandrum #atombergfan #energysavingfan #homeessentials #trustedservice #qualityproducts #lowestprice #keralabusiness #electricalsupply #sreekariyam #nammudesreekariyam",['Atomberg'],1,Atomberg,True,positive,0.425,1.0
Instagram,3735057623947560107,,,,2025-10-03T06:39:47.000Z,,7,2.0,https://www.instagram.com/p/DPVlx6rAkSr/,,,,,,"Atomberg Fan @ Lowest Price!
Only at Vighaneshwar Electricals, Omerga – Your trusted shop ⚡🌬️
#AtombergFan #VighaneshwarElectricals #Omerga #TrustedShop #BestPrice #FanDeal #CeilingFan #ElectricalStore #Viral #reelsinstagram",vighaneshwar_electrical_omerga,Sidecar,,,,atomberg fan,"Atomberg Fan @ Lowest Price!
Only at Vighaneshwar Electricals, Omerga – Your trusted shop ⚡🌬️
#AtombergFan #VighaneshwarElectricals #Omerga #TrustedShop #BestPrice #FanDeal #CeilingFan #ElectricalStore #Viral #reelsinstagram",['Atomberg'],1,Atomberg,True,neutral,0.0,11.0
Instagram,3733676554875658356,,,,2025-10-01T08:55:51.000Z,,49,7.0,https://www.instagram.com/p/DPQrwt3kWB0/,,,,,,"ATOMBERG ARIS GLADIUS BLDC FAN🫶🏻⚡️Available Only at our store. For orderrs contact-9168038024/9226138389.1st pc in UNR,AMB&KALY...#atomberg #atombergfans #atombergtechnologies #atombergfan #fans #electronics #appliance #bldc #1st #atombergsmartfan",suresh__electronics,Sidecar,,,,atomberg fan,"ATOMBERG ARIS GLADIUS BLDC FAN🫶🏻⚡️Available Only at our store. For orderrs contact-9168038024/9226138389.1st pc in UNR,AMB&KALY...#atomberg #atombergfans #atombergtechnologies #atombergfan #fans #electronics #appliance #bldc #1st #atombergsmartfan",['Atomberg'],1,Atomberg,True,neutral,0.0,63.0
Instagram,3732974810344298722,,,,2025-09-30T09:41:36.000Z,,1,0.0,https://www.instagram.com/p/DPOMM_WDZji/,,,,,,"📌 Madhav Electric – One Stop Electric Solution

1️⃣ ઇલેક્ટ્રિક ફિટિંગ કામ શીખો – એકદમ ફ્રી…
🔧 નિપુણ કારીગરને સારું વેતન આપવામાં આવશે.

2️⃣ Atomberg Fan Distributor
(Junagadh • Girsomnath • Porbandar)
✅ India’s No.1 BLDC Fan
✅ સ્માર્ટ ટેક્નોલોજી
✅ પાવર સેવર
✅ રિમોટ સાથે ઑપરેટ કરો
✅ સ્ટાઈલિશ ડિઝાઇન • સાઇલેંટ ઓપરેશન

3️⃣ CCTV Camera Service
🎯 ઘર • દુકાન • ઓફિસ માટે CCTV કેમેરા
✅ ઉચ્ચ ગુણવત્તાવાળા કેમેરા
✅ ઈન્સ્ટોલેશન + સંપૂર્ણ સપોર્ટ
✅ વિશ્વાસપાત્ર સર્વિસ • યોગ્ય દર

4️⃣ અનુભવી ટીમ દ્વારા શ્રેષ્ઠ સ",madhav_electrics,Image,,,,atomberg fan,"📌 Madhav Electric – One Stop Electric Solution

1️⃣ ઇલેક્ટ્રિક ફિટિંગ કામ શીખો – એકદમ ફ્રી…
🔧 નિપુણ કારીગરને સારું વેતન આપવામાં આવશે.

2️⃣ Atomberg Fan Distributor
(Junagadh • Girsomnath • Porbandar)
✅ India’s No.1 BLDC Fan
✅ સ્માર્ટ ટેક્નોલોજી
✅ પાવર સેવર
✅ રિમોટ સાથે ઑપરેટ કરો
✅ સ્ટાઈલિશ ડિઝાઇન • સાઇલેંટ ઓપરેશન

3️⃣ CCTV Camera Service
🎯 ઘર • દુકાન • ઓફિસ માટે CCTV કેમેરા
✅ ઉચ્ચ ગુણવત્તાવાળા કેમેરા
✅ ઈન્સ્ટોલેશન + સંપૂર્ણ સપોર્ટ
✅ વિશ્વાસપાત્ર સર્વિસ • યોગ્ય દર

4️⃣ અનુભવી ટીમ દ્વારા શ્રેષ્ઠ સ",['Atomberg'],1,Atomberg,True,neutral,0.0,1.0
Instagram,3729298376279426460,,,,2025-09-25T07:57:11.000Z,,8,0.0,https://www.instagram.com/p/DPBIR1Tk4Wc/,,,,,,"🌬️ Stay Cool, Save More – Atomberg Fan Now Available
#atombergfan #fan #smart #electronics #like #viral #follow",taparia_electronics_nokha,Image,,,,atomberg fan,"🌬️ Stay Cool, Save More – Atomberg Fan Now Available
#atombergfan #fan #smart #electronics #like #viral #follow",['Atomberg'],1,Atomberg,True,positive,0.366,8.0
Instagram,3715647169446952561,,,,2025-09-06T11:54:41.000Z,,11,1.0,https://www.instagram.com/p/DOQoWoNkj5x/,,,,,,"🌿 Wooden elegance meets modern comfort — Atomberg fan that makes your hall shine ✨

#RajLuxe #AtombergFan #WoodenFinish #StylishLiving #PremiumInteriors #SmartChoice",rajluxe,Sidecar,,,,atomberg fan,"🌿 Wooden elegance meets modern comfort — Atomberg fan that makes your hall shine ✨

#RajLuxe #AtombergFan #WoodenFinish #StylishLiving #PremiumInteriors #SmartChoice",['Atomberg'],1,Atomberg,True,neutral,0.1,13.0
Instagram,3703449813608829387,,,,2025-08-20T16:00:43.000Z,,6,0.0,https://www.instagram.com/p/DNlS_vXpBHL/,,,,,,"Cool Comfort, Smart Living!🌪️🌀

Stay cool in style with the Atomberg Ceiling Fan — the perfect mix of elegance, technology, and savings. Whisper-quiet, stylish, and built for everyday comfort. available now

📌 Get Yours Now – https://www.startech.com.bd/atomberg-ceiling-fan

#AtombergFan #SmartCooling #EnergySaver 
#CeilingFan #StylishLiving #availableNow",startech.com.bd,Image,,,,atomberg fan,"Cool Comfort, Smart Living!🌪️🌀

Stay cool in style with the Atomberg Ceiling Fan — the perfect mix of elegance, technology, and savings. Whisper-quiet, stylish, and built for everyday comfort. available now

📌 Get Yours Now – https://www.startech.com.bd/atomberg-ceiling-fan

#AtombergFan #SmartCooling #EnergySaver 
#CeilingFan #StylishLiving #availableNow",['Atomberg'],1,Atomberg,True,positive,0.373,6.0
Instagram,3703302890170639390,,,,2025-08-20T11:08:48.000Z,,4,1.0,https://www.instagram.com/p/DNkxluQTGQe/,,,,,,"കുറഞ്ഞ വിലയിലും കുറഞ്ഞ എലെക്ട്രിസിറ്റി ബില്ലിലും ഞങ്ങളിൽനിന്നും ATOMBERG BLDC FAN FIVESTAR 2 YEAR WARRANTY യോടെ only2900/-
.
.
.
.
.
.
.
.
.
.
.
.
.
.
.
.
.
.
#bldc #bldcfan #bldcfans #bldcf #atombergfans #atombergtechnologies #atombergfan #bldcfan #real #trending #post #interiordesign #akhardware",akhardware_meruvambai,Image,,,,atomberg fan,"കുറഞ്ഞ വിലയിലും കുറഞ്ഞ എലെക്ട്രിസിറ്റി ബില്ലിലും ഞങ്ങളിൽനിന്നും ATOMBERG BLDC FAN FIVESTAR 2 YEAR WARRANTY യോടെ only2900/-
.
.
.
.
.
.
.
.
.
.
.
.
.
.
.
.
.
.
#bldc #bldcfan #bldcfans #bldcf #atombergfans #atombergtechnologies #atombergfan #bldcfan #real #trending #post #interiordesign #akhardware",['Atomberg'],1,Atomberg,True,positive,0.2,6.0
Instagram,3698912410033050390,,,,2025-08-14T09:45:42.000Z,,1,0.0,https://www.instagram.com/p/DNVLT0_TdMW/,,,,,,"Modern Home Aesthetic!

Sleek. Silent. Smart. Atomberg fans are the upgrade your home deserves. Buy now only from RANGS eMART.

🌐 For more information, please visit: rangsemart.com.bd/sub-category/fan?Brand=atomberg
🌐 Our showroom location: rangsemart.com.bd/store-locator

For further queries, call 16607 
#HomeGoals #AtombergStyle #SaveElectricity #AtombergFan #SmartLiving #Atomberg #rangsemart",rangs_emart,Image,,,,atomberg fan,"Modern Home Aesthetic!

Sleek. Silent. Smart. Atomberg fans are the upgrade your home deserves. Buy now only from RANGS eMART.

🌐 For more information, please visit: rangsemart.com.bd/sub-category/fan?Brand=atomberg
🌐 Our showroom location: rangsemart.com.bd/store-locator

For further queries, call 16607 
#HomeGoals #AtombergStyle #SaveElectricity #AtombergFan #SmartLiving #Atomberg #rangsemart",['Atomberg'],1,Atomberg,True,positive,0.161,1.0
Instagram,3697501252036559412,,,,2025-08-12T11:01:59.000Z,,5,0.0,https://www.instagram.com/p/DNQKcxsM4I0/,,,,,,"Cool Comfort, Smart Living!🌪️🌀

Stay cool in style with the Atomberg Ceiling Fan — the perfect mix of elegance, technology, and savings. Whisper-quiet, stylish, and built for everyday comfort. available now

📌 Get Yours Now – https://www.startech.com.bd/atomberg-ceiling-fan

#AtombergFan #SmartCooling #EnergySaver #CeilingFan #StylishLiving #availableNow",startech.com.bd,Image,,,,atomberg fan,"Cool Comfort, Smart Living!🌪️🌀

Stay cool in style with the Atomberg Ceiling Fan — the perfect mix of elegance, technology, and savings. Whisper-quiet, stylish, and built for everyday comfort. available now

📌 Get Yours Now – https://www.startech.com.bd/atomberg-ceiling-fan

#AtombergFan #SmartCooling #EnergySaver #CeilingFan #StylishLiving #availableNow",['Atomberg'],1,Atomberg,True,positive,0.373,5.0
Instagram,3697381098364238248,,,,2025-08-12T07:03:16.000Z,,0,0.0,https://www.instagram.com/p/DNPvIT3Pnmo/,,,,,,"Is your Atomberg fan remote lost or not working? 🤔
We’ve got you covered — get any compatible remote for all Atomberg fan models delivered right to your doorstep! 🚚💨

📲 WhatsApp Now: +91 90163 82240
.
.
Get yours now!➡️ https://thepoojaelectronics.com/product/upix-compatible-atomberg-fan-remote-no-1133/
.
.
#poojaelectronics #electronic #electronicstore #amazon #jiomart #flipkart #snapdeal #atombergfan #fanremote #remotecontrol #atomberg #homeappliances #ceilingfan",thepoojaelectronics,Image,,,,atomberg fan,"Is your Atomberg fan remote lost or not working? 🤔
We’ve got you covered — get any compatible remote for all Atomberg fan models delivered right to your doorstep! 🚚💨

📲 WhatsApp Now: +91 90163 82240
.
.
Get yours now!➡️ https://thepoojaelectronics.com/product/upix-compatible-atomberg-fan-remote-no-1133/
.
.
#poojaelectronics #electronic #electronicstore #amazon #jiomart #flipkart #snapdeal #atombergfan #fanremote #remotecontrol #atomberg #homeappliances #ceilingfan",['Atomberg'],1,Atomberg,True,neutral,0.052,0.0
Instagram,3692225058525772182,,,,2025-08-05T04:19:07.000Z,,4,0.0,https://www.instagram.com/p/DM9ayDkOXmW/,,,,,,"Product Name: Solar Breeze Kit – Fan + LED Lights + Panel

♻️ Stay cool and powered up — anywhere, anytime — with our Solar Breeze Kit! ☀️🔌

This eco-friendly set includes:
✅ High-speed rechargeable fan
✅ 2 LED bulbs for bright lighting
✅ Efficient solar panel for off-grid charging

Perfect for homes, shops, travel, outdoor setups, and emergency backup. Zero electricity? No problem.📍 

Location: VIDHYAM RESIDENCY, HB Nagar, Namdeo Nagar, OLD Kalmana, Nagpur
📞 Call/WhatsApp: 7887427575

📩 DM us t",kmc.lighthouse,Image,,,,atomberg fan,"Product Name: Solar Breeze Kit – Fan + LED Lights + Panel

♻️ Stay cool and powered up — anywhere, anytime — with our Solar Breeze Kit! ☀️🔌

This eco-friendly set includes:
✅ High-speed rechargeable fan
✅ 2 LED bulbs for bright lighting
✅ Efficient solar panel for off-grid charging

Perfect for homes, shops, travel, outdoor setups, and emergency backup. Zero electricity? No problem.📍 

Location: VIDHYAM RESIDENCY, HB Nagar, Namdeo Nagar, OLD Kalmana, Nagpur
📞 Call/WhatsApp: 7887427575

📩 DM us t",[],0,Generic,False,positive,0.559,4.0
Instagram,3692223944510243475,,,,2025-08-05T04:16:55.000Z,,3,0.0,https://www.instagram.com/p/DM9ah2DuYKT/,,,,,,"Atomberg Renesa Halo – Smart Ceiling Fan

Smarter. Sleeker. Superior.
Upgrade your space with the Atomberg Renesa Halo where intelligent tech meets stunning design.

✨ Features:

✅ Energy-saving BLDC motor (only 28W)
✅ LED Halo Ring for a premium look
✅ Remote + App control
✅ Runs 3x longer on inverter power

Perfect for homes, offices, cafés & modern interiors.

📍 Location: VIDHYAM RESIDENCY, HB Nagar, Namdeo Nagar, OLD Kalmana, Nagpur

📞 Call/WhatsApp: 7887427575

📩 DM us to book yours or inqu",kmc.lighthouse,Image,,,,atomberg fan,"Atomberg Renesa Halo – Smart Ceiling Fan

Smarter. Sleeker. Superior.
Upgrade your space with the Atomberg Renesa Halo where intelligent tech meets stunning design.

✨ Features:

✅ Energy-saving BLDC motor (only 28W)
✅ LED Halo Ring for a premium look
✅ Remote + App control
✅ Runs 3x longer on inverter power

Perfect for homes, offices, cafés & modern interiors.

📍 Location: VIDHYAM RESIDENCY, HB Nagar, Namdeo Nagar, OLD Kalmana, Nagpur

📞 Call/WhatsApp: 7887427575

📩 DM us to book yours or inqu",['Atomberg'],1,Atomberg,True,positive,0.379,3.0
Instagram,3690200165390807558,,,,2025-08-02T09:16:01.000Z,,4,0.0,https://www.instagram.com/p/DM2OX-4NPIG/,,,,,,"🌟Atomberg Fan 🌟

🔹 વિશેષતાઓ:

✅ વીજળીની બચત કરનાર BLDC ફેન 
✅ રીમોટ કંટ્રોલ
✅ ખૂબ જ ઓછા અવાજ સાથે કાર્યરત
✅ આકર્ષક અને આધુનિક ડિઝાઇન

✨ માધવ ઇલેક્ટ્રિક
Atomberg Fan Distributor 
(જુનાગઢ, પોરબંદર, ગીર સોમનાથ)

ઈસ્કોન એપાર્ટમેન્ટ, ચોબારી રોડ, જૂનાગઢ
📞 97126 66619 | 81606 28853

#Fan #atomberg #atombergfan #bldcfan #reels #junagadh #porbandar #girsomnath #electricshop #electricfan #bldcfans #atombergtechnologies #powersaverfan #instagram",madhav_electrics,Image,,,,atomberg fan,"🌟Atomberg Fan 🌟

🔹 વિશેષતાઓ:

✅ વીજળીની બચત કરનાર BLDC ફેન 
✅ રીમોટ કંટ્રોલ
✅ ખૂબ જ ઓછા અવાજ સાથે કાર્યરત
✅ આકર્ષક અને આધુનિક ડિઝાઇન

✨ માધવ ઇલેક્ટ્રિક
Atomberg Fan Distributor 
(જુનાગઢ, પોરબંદર, ગીર સોમનાથ)

ઈસ્કોન એપાર્ટમેન્ટ, ચોબારી રોડ, જૂનાગઢ
📞 97126 66619 | 81606 28853

#Fan #atomberg #atombergfan #bldcfan #reels #junagadh #porbandar #girsomnath #electricshop #electricfan #bldcfans #atombergtechnologies #powersaverfan #instagram",['Atomberg'],1,Atomberg,True,neutral,0.0,4.0
Instagram,3688591979738930130,,,,2025-07-31T04:00:51.000Z,,1,0.0,https://www.instagram.com/p/DMwgtzRsZvS/,,,,,,"❄️ Breathe in Comfort. Breathe out Savings!
✨ Introducing the Atomberg Studio+ 48” BLDC Fan – now available at Alpha E-Shop!

✅ 65% Energy Saving
✅ Boost & Sleep Modes
✅ Smart Remote Control
✅ Sleek Aegean Blue Finish

Feel the breeze, not the bill. 🌬️
🛒 Order Now: https://www.alphaeshop.store/products/atomberg-studio-48-ceiling-fan-with-remote-control-aegean-blue
📞 Call: 01724-898910
CODE: AT-136 | Power: 35W

#EnergySaving #AtombergFan #SmartLiving #AlphaEShop #HomeComfort #CeilingFan #RemoteF",alphaeshop.store,Image,,,,atomberg fan,"❄️ Breathe in Comfort. Breathe out Savings!
✨ Introducing the Atomberg Studio+ 48” BLDC Fan – now available at Alpha E-Shop!

✅ 65% Energy Saving
✅ Boost & Sleep Modes
✅ Smart Remote Control
✅ Sleek Aegean Blue Finish

Feel the breeze, not the bill. 🌬️
🛒 Order Now: https://www.alphaeshop.store/products/atomberg-studio-48-ceiling-fan-with-remote-control-aegean-blue
📞 Call: 01724-898910
CODE: AT-136 | Power: 35W

#EnergySaving #AtombergFan #SmartLiving #AlphaEShop #HomeComfort #CeilingFan #RemoteF",['Atomberg'],1,Atomberg,True,positive,0.154,1.0
Instagram,3687987802380068922,,,,2025-07-30T08:00:27.000Z,,0,0.0,https://www.instagram.com/p/DMuXV3Q1mg6/,,,,,,"🌬 কম বিদ্যুতে বেশি কুলিং!
⚡ Atomberg 3-Blade BLDC ফ্যান – আধুনিক ঘরের স্মার্ট সমাধান!

✅ 65% পর্যন্ত বিদ্যুৎ সাশ্রয়
✅ স্মার্ট রিমোট কন্ট্রোল
✅ শান্ত ও নিঃশব্দ পারফরম্যান্স
✅ আধুনিক ডিজাইন, যেকোনো ঘরের সঙ্গে মানানসই

এখনই আপনার ফ্যান বদলান!
🌟 স্টাইল, স্মার্টনেস আর সেভিংস – সব একসাথে!
📦 অর্ডার করুন আজই!
📲 01705-210280

#AtombergFan #BLDCFan #SaveElectricity #SmartHome #CeilingFan #3BladeFan #ModernFan",feminalightingsco,Sidecar,,,,atomberg fan,"🌬 কম বিদ্যুতে বেশি কুলিং!
⚡ Atomberg 3-Blade BLDC ফ্যান – আধুনিক ঘরের স্মার্ট সমাধান!

✅ 65% পর্যন্ত বিদ্যুৎ সাশ্রয়
✅ স্মার্ট রিমোট কন্ট্রোল
✅ শান্ত ও নিঃশব্দ পারফরম্যান্স
✅ আধুনিক ডিজাইন, যেকোনো ঘরের সঙ্গে মানানসই

এখনই আপনার ফ্যান বদলান!
🌟 স্টাইল, স্মার্টনেস আর সেভিংস – সব একসাথে!
📦 অর্ডার করুন আজই!
📲 01705-210280

#AtombergFan #BLDCFan #SaveElectricity #SmartHome #CeilingFan #3BladeFan #ModernFan",['Atomberg'],1,Atomberg,True,neutral,0.0,0.0
Google,https://www.amazon.in/atomberg-Renesa-Enzel-Ceiling-Warranty/dp/B0CHJNJJDP,Buy atomberg Renesa Enzel 1200mm BLDC Ceiling Fan ...,1200mm BLDC Ceiling Fan with Remote Control | BEE 5 star Rated Energy Efficient Ceiling Fan | High Air Delivery with LED Indicators| 3 Year Warranty,https:,,0.0,0,0.0,https://www.amazon.in/atomberg-Renesa-Enzel-Ceiling-Warranty/dp/B0CHJNJJDP,,,,,,,,,https://www.amazon.in › atomberg-Renesa-Enzel-Ceilin...,0.0,atomberg fan review India,atomberg fan,,[],0,Generic,False,neutral,0.0,0.0
Google,https://www.reddit.com/r/india/comments/t7fqmz/anybody_bought_atomberg_renesa_bldc_fan/,Anybody bought Atomberg Renesa BLDC fan? : r/india,"I am just about to choose the brand for ceiling fans [Atomberg is on top], however have read some negative reviews about its poor build quality ...",Reddit › r,,0.0,0,0.0,https://www.reddit.com/r/india/comments/t7fqmz/anybody_bought_atomberg_renesa_bldc_fan/,,,,,,,,,Reddit › r/india,0.0,atomberg fan review India,atomberg fan,,[],0,Generic,False,neutral,0.0,0.0
Google,https://www.quora.com/What-is-your-review-of-the-Atomberg-ceiling-fans,What is your review of the Atomberg ceiling fans?,"The fans have very poor quality, and the after-sales service is even worse. They started making noise after just a month of use. I complained to ...",10+ answers  ·  4 years ago,,0.0,0,0.0,https://www.quora.com/What-is-your-review-of-the-Atomberg-ceiling-fans,,,,,,,,,10+ answers  ·  4 years ago,0.0,atomberg fan review India,atomberg fan,,[],0,Generic,False,neutral,0.0,0.0
Google,https://www.flipkart.com/atomberg-renesa-1200-mm-bldc-motor-remote-3-blade-ceiling-fan/product-reviews/itm920c1e2d79bf8?pid=FANFCFYT5H6ETZPK,Latest Review of Atomberg Renesa 1200 Mm Bldc Motor ...,"Superb, a must buy. only 28w power consumption compared to 75w of my old crompton fan, on full speed mode its faster and less noisier than any other company ...",https:,,0.0,0,0.0,https://www.flipkart.com/atomberg-renesa-1200-mm-bldc-motor-remote-3-blade-ceiling-fan/product-reviews/itm920c1e2d79bf8?pid=FANFCFYT5H6ETZPK,,,,,,,,,https://www.flipkart.com › product-reviews › pid=FAN...,0.0,atomberg fan review India,atomberg fan,,[],0,Generic,False,neutral,0.0,0.0
Google,https://atomberg.com/atomberg-ceiling-fans?srsltid=AfmBOopqJXMFrAW3AAz-5TvX8pJRFDRR3Ja55jWfxHdDiu8CS-CcWc-h,Buy Premium BLDC Ceiling Fans At Best Prices Online In ...,"Atomberg's BLDC fans give you the same (or better) air delivery as a normal fan while slashing power bills, staying quiet, and working flawlessly.",https:,,0.0,0,0.0,https://atomberg.com/atomberg-ceiling-fans?srsltid=AfmBOopqJXMFrAW3AAz-5TvX8pJRFDRR3Ja55jWfxHdDiu8CS-CcWc-h,,,,,,,,,https://atomberg.com › atomberg-ceiling-fans,0.0,atomberg fan review India,atomberg fan,,[],0,Generic,False,neutral,0.0,0.0
Google,https://www.youtube.com/watch?v=t2-1wYhuMrs,Atomberg Renesa+ BLDC Remote Ceiling Fan Review ...,Atomberg is considered to be the king of BLDC ceiling fans in India. Probably because of their early entrance in BLDC fans arena and smart ...,YouTube › Electrical Unboxing,,0.0,0,0.0,https://www.youtube.com/watch?v=t2-1wYhuMrs,,,,,,,,,YouTube › Electrical Unboxing,0.0,atomberg fan review India,atomberg fan,,[],0,Generic,False,neutral,0.0,0.0
Google,https://technofino.in/community/threads/whats-the-review-of-bldc-ceiling-fans-any-recommendations.21221/,What's the review of BLDC ceiling fans? Any ...,I have firsthand experience of replacing the Atomberg fan. It worked for 6 months (was used very less) and suddenly stopped working. The ...,https:,,0.0,0,0.0,https://technofino.in/community/threads/whats-the-review-of-bldc-ceiling-fans-any-recommendations.21221/,,,,,,,,,https://technofino.in › community › threads › whats-the...,0.0,atomberg fan review India,atomberg fan,,[],0,Generic,False,neutral,0.0,0.0
Google,https://atomberg.com/atomberg-ceiling-fans?srsltid=AfmBOopkdxntksPrnSyIWZbU033rmzpEDYnvgVx2wYYfnyQsjtcfY4V3,Buy Premium BLDC Ceiling Fans At Best Prices Online In ...,"Atomberg BLDC ceiling fans are more energy-efficient, quieter, and durable than normal fans, making them the better choice for Indian homes. Q2. Is BLDC fan ...",https:,,0.0,0,0.0,https://atomberg.com/atomberg-ceiling-fans?srsltid=AfmBOopkdxntksPrnSyIWZbU033rmzpEDYnvgVx2wYYfnyQsjtcfY4V3,,,,,,,,,https://atomberg.com › atomberg-ceiling-fans,0.0,atomberg fan best brands,atomberg fan,,[],0,Generic,False,neutral,0.0,0.0
Google,https://www.livemint.com/technology/gadgets/best-atomberg-fans-our-top-10-models-come-with-the-latest-technology-and-styles-to-keep-up-with-your-needs-at-home-11739964249532.html,Best Atomberg fans: Our top 10 models come with the latest ...,"We've selected the best Atomberg fans that combine powerful airflow, stylish designs, and energy-efficient BLDC motors.",https:,,0.0,0,0.0,https://www.livemint.com/technology/gadgets/best-atomberg-fans-our-top-10-models-come-with-the-latest-technology-and-styles-to-keep-up-with-your-needs-at-home-11739964249532.html,,,,,,,,,https://www.livemint.com › Technology › Gadgets,0.0,atomberg fan best brands,atomberg fan,,[],0,Generic,False,neutral,0.0,0.0
Google,https://www.reddit.com/r/Frugal_Ind/comments/1k2nyl0/bldc_fans_suggestions_and_opinions/,BLDC fans suggestions and opinions : r/Frugal_Ind,"Atomberg is the best ... Although do try the bldc from other reputed brands too, but what's giving best value in terms of cost and warranty.",Reddit › r,,0.0,0,0.0,https://www.reddit.com/r/Frugal_Ind/comments/1k2nyl0/bldc_fans_suggestions_and_opinions/,,,,,,,,,Reddit › r/Frugal_Ind,0.0,atomberg fan best brands,atomberg fan,,[],0,Generic,False,neutral,0.0,0.0
Google,https://atomberg.com/?srsltid=AfmBOoqkHA5IYj0P2_BcTLCPWfcOYmqbqY7lRic3fcK897NIAxwjsLJ9,"Atomberg: Buy Best Ceiling Fans, Mixer Grinders & Water ...","Explore Atomberg's range of energy-saving ceiling fans, mixer grinders, smart water purifier & locks. Designed for modern homes with cutting-edge technology ...",https:,,0.0,0,0.0,https://atomberg.com/?srsltid=AfmBOoqkHA5IYj0P2_BcTLCPWfcOYmqbqY7lRic3fcK897NIAxwjsLJ9,,,,,,,,,https://atomberg.com,0.0,atomberg fan best brands,atomberg fan,,[],0,Generic,False,neutral,0.0,0.0
Google,https://stg1-tech.hindustantimes.com/home-appliances/news/atomberg-fan-what-is-bldc-tech-top-5-atomberg-ceiling-fans-with-best-price-71713942020960.html,Best Atomberg ceiling fans (2024) for your modern home,Top 5 Atomberg ceiling fans with best price · 1. Atomberg Efficio Alpha - · 2. Atomberg Renesa+ - · 3. Atomberg Renesa Enzel - · 4. Atomberg Erica ...,https:,,0.0,0,0.0,https://stg1-tech.hindustantimes.com/home-appliances/news/atomberg-fan-what-is-bldc-tech-top-5-atomberg-ceiling-fans-with-best-price-71713942020960.html,,,,,,,,,https://stg1-tech.hindustantimes.com › ... › News,0.0,atomberg fan best brands,atomberg fan,,[],0,Generic,False,neutral,0.0,0.0
Google,https://atomberg.com/blog/post/how-to-choose-a-ceiling-fan?srsltid=AfmBOop_TBWtsPIAK8-0InFjmz4r51Z8McKI-kmM8LGZnQ48cPGq4HiR,Expert guide for selecting the right ceiling fan for your home,"You should keep a few things in mind while buying a ceiling fan. These include the energy consumption, size, fan blade size, motor, and price.",https:,,0.0,0,0.0,https://atomberg.com/blog/post/how-to-choose-a-ceiling-fan?srsltid=AfmBOop_TBWtsPIAK8-0InFjmz4r51Z8McKI-kmM8LGZnQ48cPGq4HiR,,,,,,,,,https://atomberg.com › post › how-to-choose-a-ceiling-fan,0.0,atomberg fan best brands,atomberg fan,,[],0,Generic,False,neutral,0.0,0.0
Google,https://www.youtube.com/watch?v=GbnX9hgGmqA,This Is The Best BLDC Pedestal Fan for 2025 Summers ⚡️ ...,Atomberg Renesa Pedestal Fan smart Remote Function Unboxing and Detailed Review 2025 | Best wall fan,YouTube › Aman Dhingra,,0.0,0,0.0,https://www.youtube.com/watch?v=GbnX9hgGmqA,,,,,,,,,YouTube › Aman Dhingra,0.0,atomberg fan best brands,atomberg fan,,[],0,Generic,False,neutral,0.0,0.0
Google,https://atomberg.com/atomberg-ceiling-fans?srsltid=AfmBOor_heIaUxgQgi5rQeqgZn2BMmr8MgvSRwhfbGiOOX4DpnOQg93Q,Buy Premium BLDC Ceiling Fans At Best Prices Online In ...,"Atomberg Renesa Smart plus - Best Fan. Save Up to 65% on Electricity with Atomberg's BLDC Ceiling Fans: Buy Online. In India's hot and humid climate, ceiling ...",https:,,0.0,0,0.0,https://atomberg.com/atomberg-ceiling-fans?srsltid=AfmBOor_heIaUxgQgi5rQeqgZn2BMmr8MgvSRwhfbGiOOX4DpnOQg93Q,,,,,,,,,https://atomberg.com › atomberg-ceiling-fans,0.0,buy atomberg fan,atomberg fan,,[],0,Generic,False,neutral,0.0,0.0
Google,https://www.amazon.in/Ceiling-Fans-atomberg/s?rh=n%3A4369221031%2Cp_89%3Aatomberg,Atomberg - Ceiling Fans / Fans: Home & Kitchen,1200mm BLDC Ceiling Fan with Remote Control | BEE 5 star Rated Energy Efficient Ceiling Fan | High Air Delivery with LED Indicators | 2 Year Warranty,https:,,0.0,0,0.0,https://www.amazon.in/Ceiling-Fans-atomberg/s?rh=n%3A4369221031%2Cp_89%3Aatomberg,,,,,,,,,https://www.amazon.in › Ceiling-Fans-atomberg › rh=n...,0.0,buy atomberg fan,atomberg fan,,[],0,Generic,False,neutral,0.0,0.0
Google,https://atomberg.com/?srsltid=AfmBOorMiOti97F66_d3XOKT1O74mr5sxTQoWiuKpTeivKyuj9dZZtiW,"Atomberg: Buy Best Ceiling Fans, Mixer Grinders & Water ...","Explore Atomberg's range of energy-saving ceiling fans, mixer grinders, smart water purifier & locks. Designed for modern homes with cutting-edge technology ...",https:,,0.0,0,0.0,https://atomberg.com/?srsltid=AfmBOorMiOti97F66_d3XOKT1O74mr5sxTQoWiuKpTeivKyuj9dZZtiW,,,,,,,,,https://atomberg.com,0.0,buy atomberg fan,atomberg fan,,[],0,Generic,False,neutral,0.0,0.0
Google,"https://www.flipkart.com/fans/atomberg~brand/pr?sid=j9e,abm,lbz",Buy Atomberg Fans Online at Best Prices In India - Flipkart,Atomberg Renesa Prime Remote|High Air Delivery|LED Speed Indicator|Low Noise|Sleek Design with 3 Year Warranty BLDC Motor with Remote 1200 mm Ceiling Fan.,https:,,0.0,0,0.0,"https://www.flipkart.com/fans/atomberg~brand/pr?sid=j9e,abm,lbz",,,,,,,,,https://www.flipkart.com › fans › atomberg~brand,0.0,buy atomberg fan,atomberg fan,,[],0,Generic,False,neutral,0.0,0.0
Google,https://www.croma.com/atomberg-fans/bc/b-1169-51?srsltid=AfmBOopmB4Z_xOMybOIjmfz4AUGLA2vTs_iYx8zOVGKzIo0mDXVC_i5q,Buy Atomberg Fans Online at Best Prices,"Atomberg exhaust fans come with energy-efficient BLDC motors and offer noiseless operation. They are highly durable, easy to install, and easy to clean.",https:,,0.0,0,0.0,https://www.croma.com/atomberg-fans/bc/b-1169-51?srsltid=AfmBOopmB4Z_xOMybOIjmfz4AUGLA2vTs_iYx8zOVGKzIo0mDXVC_i5q,,,,,,,,,https://www.croma.com › Top Brands › Atomberg › Fans,0.0,buy atomberg fan,atomberg fan,,[],0,Generic,False,neutral,0.0,0.0
Google,https://www.amazon.in/stores/Atomberg/page/54ABC2F8-DAB5-4E41-87B2-F0DFC577496D,Amazon.in: Atomberg,"... fan. ... Buy more, Save more · Sell on Amazon · International Brands. Back to top.",https:,,0.0,0,0.0,https://www.amazon.in/stores/Atomberg/page/54ABC2F8-DAB5-4E41-87B2-F0DFC577496D,,,,,,,,,https://www.amazon.in › stores › Atomberg › page,0.0,buy atomberg fan,atomberg fan,,[],0,Generic,False,neutral,0.0,0.0
Google,https://www.ibo.com/atomberg/b/45562,Buy Atomberg Fans Online at Best Prices - IBO,Buy Atomberg fans online at best prices. IBO offers latest and stylish collection of Atomberg ceiling fans with remote at reasonable prices. Order Now!,https:,,0.0,0,0.0,https://www.ibo.com/atomberg/b/45562,,,,,,,,,https://www.ibo.com › atomberg,0.0,buy atomberg fan,atomberg fan,,[],0,Generic,False,neutral,0.0,0.0
Google,https://blinkit.com/brand/Atomberg?srsltid=AfmBOool8JlcbZpsCjqEBBxVYaIDevdLVbDUQlHX3nS23TODx_j1OIQi,Buy Atomberg Online,"Atomberg Renesa Halo Smart Ceiling Fan (Midnight Black, 35 W). 1 unit. ₹4,099. ₹6,500. ADD. 36% OFF. 18 mins. Atomberg Renesa Halo Smart Ceiling Fan (Brown, ...",https:,,0.0,0,0.0,https://blinkit.com/brand/Atomberg?srsltid=AfmBOool8JlcbZpsCjqEBBxVYaIDevdLVbDUQlHX3nS23TODx_j1OIQi,,,,,,,,,https://blinkit.com › brand › Atomberg,0.0,buy atomberg fan,atomberg fan,,[],0,Generic,False,neutral,0.0,0.0
Google,https://www.jiomart.com/electronics/b/atomberg/8459,Atomberg - Search & Shop at JioMart,"Atomberg Renesa 3 Blade 900 mm BLDC Motor, Remote Control Ceiling Fan with LED Lights, Brown and Black ₹3,699.00 ₹5,390.00 31% OFF",https:,,0.0,0,0.0,https://www.jiomart.com/electronics/b/atomberg/8459,,,,,,,,,https://www.jiomart.com › electronics › atomberg,0.0,buy atomberg fan,atomberg fan,,[],0,Generic,False,neutral,0.0,0.0
Google,https://nikshanonline.com/brand/atomberg/?srsltid=AfmBOooh3hQi9oYiuwb1wGUsq4EOe79Vg8UGF0afxYZEgRnHztiGcp0_,Buy ATOMBERG Products Online At Best Price In India,"Atomberg Renesa+ 1200mm BLDC Motor 5 Star Rated Ceiling Fan ... ₹6,490.00 Original price was: ₹6,490.00. ₹4,499.00 Current price is: ₹4,499.00.",https:,,0.0,0,0.0,https://nikshanonline.com/brand/atomberg/?srsltid=AfmBOooh3hQi9oYiuwb1wGUsq4EOe79Vg8UGF0afxYZEgRnHztiGcp0_,,,,,,,,,https://nikshanonline.com › brand › atomberg,0.0,buy atomberg fan,atomberg fan,,[],0,Generic,False,neutral,0.0,0.0
YouTube,o9s0JyxNelU,Havells BLDC fan remote pairing #viral #bldcfan #shortsfeed #remote,,Tech Indra innovative & experiment,2023-10-30T15:11:21Z,648940.0,3406,29.0,https://youtube.com/watch?v=o9s0JyxNelU,,,,,,,,,,,,ceiling fan with remote,Havells BLDC fan remote pairing #viral #bldcfan #shortsfeed #remote nan,['Havells'],1,Havells,False,neutral,-0.1,4112.9400000000005
YouTube,EixTu1waykk,remote wala pankha bldc ceiling fan new🔥🔥 | bldc ceiling fan with remote | new ceiling fan Orient,"remote wala pankha bldc ceiling fan new🔥🔥 | bldc ceiling fan with remote | new ceiling fan Orient



remote wala pankha 
bldc ceiling fan 
new launch ceiling fan 
new design ceiling fan price
Orient bldc ceiling fan 
Bajaj bldc ceiling fan 
Havells bldc ceiling fan 
ceiling fan with remote 


thanks for watching this video 🙏🙏",Me Sona Repairing,2025-10-26T09:17:34Z,44030.0,234,0.0,https://youtube.com/watch?v=EixTu1waykk,,,,,,,,,,,,ceiling fan with remote,"remote wala pankha bldc ceiling fan new🔥🔥 | bldc ceiling fan with remote | new ceiling fan Orient remote wala pankha bldc ceiling fan new🔥🔥 | bldc ceiling fan with remote | new ceiling fan Orient



remote wala pankha 
bldc ceiling fan 
new launch ceiling fan 
new design ceiling fan price
Orient bldc ceiling fan 
Bajaj bldc ceiling fan 
Havells bldc ceiling fan 
ceiling fan with remote 


thanks for watching this video 🙏🙏","['Havells', 'Orient', 'Bajaj']",3,Havells,False,neutral,0.013,278.03
YouTube,nVPNjae59-s,Atomberg Rensa Plus BLDC Fan #gadgetshorts  #shorts,"Atomberg Rensa Plus BLDC Fan #gadgetshorts  #shorts 
atomberg Renesa+ 1200mm BLDC Motor 5 Star Rated Ceiling Fans for Home with Remote Control 
Buy Link: https://amzn.to/3K0Q5rd
https://fktr.in/21KipgH

#bldcfan #atomberg #rensaplus #atombergrensa #utpadunbox #smartfan",Utpad Unbox,2023-03-23T06:16:22Z,2896280.0,24557,201.0,https://youtube.com/watch?v=nVPNjae59-s,,,,,,,,,,,,ceiling fan with remote,"Atomberg Rensa Plus BLDC Fan #gadgetshorts  #shorts Atomberg Rensa Plus BLDC Fan #gadgetshorts  #shorts 
atomberg Renesa+ 1200mm BLDC Motor 5 Star Rated Ceiling Fans for Home with Remote Control 
Buy Link: https://amzn.to/3K0Q5rd
https://fktr.in/21KipgH

#bldcfan #atomberg #rensaplus #atombergrensa #utpadunbox #smartfan",['Atomberg'],1,Atomberg,True,neutral,-0.1,27855.28
YouTube,MQES_LprVeY,Ceiling Fan with Lights & Remote – Stylish & Functional Home Upgrade!,"Ceiling Fan with Lights & Remote – Stylish & Functional Home Upgrade! 


#CeilingFan #FanWithLight #HomeDecor #SmartHome #LEDFan




🏡 Upgrade Your Home with a Smart Ceiling Fan! 💨
This low-profile ceiling fan with built-in LED lights & remote control is the perfect blend of style and convenience. Whether it's for your living room, bedroom, or office, this fan offers powerful airflow, adjustable lighting, and easy operation at your fingertips!


✔ 3-in-1 Function – Cooling fan + LED light + remote control
✔ Energy-Efficient Design – Save power while staying cool
✔ Adjustable Brightness & Fan Speeds – Customize your comfort
✔ Silent Motor & Sleek Design – Perfect for any modern home
✔ Easy Installation – No hassle, just convenience


💬 What’s your favorite feature in a ceiling fan? Drop a comment below! 👇",QC Store,2025-03-29T16:00:24Z,3628704.0,14356,152.0,https://youtube.com/watch?v=MQES_LprVeY,,,,,,,,,,,,ceiling fan with remote,"Ceiling Fan with Lights & Remote – Stylish & Functional Home Upgrade! Ceiling Fan with Lights & Remote – Stylish & Functional Home Upgrade! 


#CeilingFan #FanWithLight #HomeDecor #SmartHome #LEDFan




🏡 Upgrade Your Home with a Smart Ceiling Fan! 💨
This low-profile ceiling fan with built-in LED lights & remote control is the perfect blend of style and convenience. Whether it's for your living room, bedroom, or office, this fan offers powerful airflow, adjustable lighting, and easy operation at your fingertips!


✔ 3-in-1 Function – Cooling fan + LED light + remote control
✔ Energy-Efficient Design – Save power while staying cool
✔ Adjustable Brightness & Fan Speeds – Customize your comfort
✔ Silent Motor & Sleek Design – Perfect for any modern home
✔ Easy Installation – No hassle, just convenience


💬 What’s your favorite feature in a ceiling fan? Drop a comment below! 👇",[],0,Generic,False,positive,0.337,18288.704
YouTube,RTLhnfY4Y4Y,30watt I Inverter Fan I Ceiling Fan I Remote Control,"Low Power Consumption FAN
Excellent Performance even on Low Voltage
Noiseless Operation
Built-In Smart Controller
Strong Air Throw
Remote Control
100% copper wire
Specially designed blades for high pressure air delivery.",Technology Updates,2025-05-30T09:30:43Z,653743.0,2742,31.0,https://youtube.com/watch?v=RTLhnfY4Y4Y,,,,,,,,,,,,ceiling fan with remote,"30watt I Inverter Fan I Ceiling Fan I Remote Control Low Power Consumption FAN
Excellent Performance even on Low Voltage
Noiseless Operation
Built-In Smart Controller
Strong Air Throw
Remote Control
100% copper wire
Specially designed blades for high pressure air delivery.",[],0,Generic,False,positive,0.218,3457.743
YouTube,wlc7EIQ90k8,atomberg Renesa Enzel 1200mm BLDC Ceiling Fan with Remote,,ZFR 07,2025-08-23T06:37:02Z,5876.0,31,0.0,https://youtube.com/watch?v=wlc7EIQ90k8,,,,,,,,,,,,ceiling fan with remote,atomberg Renesa Enzel 1200mm BLDC Ceiling Fan with Remote nan,['Atomberg'],1,Atomberg,True,neutral,-0.1,36.876
YouTube,u_kxhHjHln0,Atomberg Renesa 1400mm,"Atomberg Renesa 1400mm
mrp 3850 on atomberg website",AMARDEEP Toor,2022-05-04T17:45:33Z,3619713.0,32616,399.0,https://youtube.com/watch?v=u_kxhHjHln0,,,,,,,,,,,,ceiling fan with remote,"Atomberg Renesa 1400mm Atomberg Renesa 1400mm
mrp 3850 on atomberg website",['Atomberg'],1,Atomberg,True,neutral,0.0,37033.713
YouTube,UrqtSzhDE0M,#atomberg Studio Smart+ 1200mm BLDC Ceiling Fan with IoT & Remote #shorts #shortsfeed #ceilingfan,,ZFR 07,2024-08-04T12:48:26Z,233969.0,1706,21.0,https://youtube.com/watch?v=UrqtSzhDE0M,,,,,,,,,,,,ceiling fan with remote,#atomberg Studio Smart+ 1200mm BLDC Ceiling Fan with IoT & Remote #shorts #shortsfeed #ceilingfan nan,['Atomberg'],1,Atomberg,True,neutral,0.057,1981.969
YouTube,t-Uh64L9irY,Atomberg Renesa Prime Remote 5 Star 1200 3 Blade Ceiling Fan (BLDC Motor with Remote | #fans #shorts,,VOLG 999,2025-07-22T04:46:01Z,157762.0,520,4.0,https://youtube.com/watch?v=t-Uh64L9irY,,,,,,,,,,,,ceiling fan with remote,Atomberg Renesa Prime Remote 5 Star 1200 3 Blade Ceiling Fan (BLDC Motor with Remote | #fans #shorts nan,['Atomberg'],1,Atomberg,True,neutral,-0.1,685.762
YouTube,j4w_kURR3sw,"atomberg renesa 36"" bldc ceiling fan with remote control unboxing & fitting #ceilingfans #electrical","atomberg renesa 36"" bldc ceiling fan with remote control unboxing & fitting #ceilingfans #electrical #reels #viral #reelsvideo",r.b.electric(cctv),2025-09-18T13:31:44Z,19733.0,173,4.0,https://youtube.com/watch?v=j4w_kURR3sw,,,,,,,,,,,,ceiling fan with remote,"atomberg renesa 36"" bldc ceiling fan with remote control unboxing & fitting #ceilingfans #electrical atomberg renesa 36"" bldc ceiling fan with remote control unboxing & fitting #ceilingfans #electrical #reels #viral #reelsvideo",['Atomberg'],1,Atomberg,True,positive,0.2,200.733
YouTube,jaEOcVMHYoQ,Orient bldc celing fan only 28 what | new design ceiling fan |remote wala pankha #bldc #bldcfan #new,"Orient bldc celing fan only 28 what | new design ceiling fan |remote wala pankha #bldc #bldcfan #new


#bldcnew #ceilingfan


your query:-
ceiling fan, Orient bldc fan, remote control fan, remote control ceiling fan, atomberg ceiling fan, bldc ceiling fan, remote wala pankha, remote fan, remote control sealing fan, new fan bldc, 2025 new fan design, new ceiling fan design


thanks for watching this video 🙏🙏🙏",Me Sona Repairing,2025-10-11T09:36:30Z,220338.0,1073,5.0,https://youtube.com/watch?v=jaEOcVMHYoQ,,,,,,,,,,,,ceiling fan with remote,"Orient bldc celing fan only 28 what | new design ceiling fan |remote wala pankha #bldc #bldcfan #new Orient bldc celing fan only 28 what | new design ceiling fan |remote wala pankha #bldc #bldcfan #new


#bldcnew #ceilingfan


your query:-
ceiling fan, Orient bldc fan, remote control fan, remote control ceiling fan, atomberg ceiling fan, bldc ceiling fan, remote wala pankha, remote fan, remote control sealing fan, new fan bldc, 2025 new fan design, new ceiling fan design


thanks for watching this video 🙏🙏🙏","['Atomberg', 'Orient']",2,Atomberg,True,neutral,0.027,1303.338
YouTube,1VKZ122Adrk,How to Install Ceiling Fan Light with remote,"2023 Ceiling fan Light installation guide, How to mount and connect wiring setup tutorial. see here for ""Ceiling fan with light"" https://amzn.to/41fLUOc
Cómo instalar la luz del ventilador de techo
Learn more about Tech and how to fix electronics, Subscribe to TampaTec here- https://www.youtube.com/TampaTec
Thanks for Watching and Please Subscribe and hit that bell 🔔 
My Favorite Tech listed below in my Amazon Shop,
We are a participant in the Amazon Services Associates Program, an affiliate program designed to provide a means to earn revenue
My Amazon Tech videos- https://www.amazon.com/shop/tampatec
-These products I order myself and some I receive for free to produce a How-to guides or review but I'm not paid for positive tech reviews. #ceilingfan #ceilingfaninstallation 
 #installs #repairs #tech #tampatec",TampaTec,2023-04-10T01:12:00Z,36444.0,214,23.0,https://youtube.com/watch?v=1VKZ122Adrk,,,,,,,,,,,,ceiling fan with remote,"How to Install Ceiling Fan Light with remote 2023 Ceiling fan Light installation guide, How to mount and connect wiring setup tutorial. see here for ""Ceiling fan with light"" https://amzn.to/41fLUOc
Cómo instalar la luz del ventilador de techo
Learn more about Tech and how to fix electronics, Subscribe to TampaTec here- https://www.youtube.com/TampaTec
Thanks for Watching and Please Subscribe and hit that bell 🔔 
My Favorite Tech listed below in my Amazon Shop,
We are a participant in the Amazon Services Associates Program, an affiliate program designed to provide a means to earn revenue
My Amazon Tech videos- https://www.amazon.com/shop/tampatec
-These products I order myself and some I receive for free to produce a How-to guides or review but I'm not paid for positive tech reviews. #ceilingfan #ceilingfaninstallation 
 #installs #repairs #tech #tampatec",[],0,Generic,False,positive,0.325,296.444
YouTube,43YDFdrt7WA,Havells Designer Ceiling Fan with Remote #youtubeshorts #shorts,"#havellsindia #havells #electronic #homeappliances #homeappliance #homedecor #homedecoration #homedecorationideas #homedecoratingideas #ceilingfan #fanivideo #decoration #youtubeshorts #shortvideo #shortsvideo #viral #ytshorts #youtubeshort #shortsyoutube #Easycookingrecopes 

 Havells fan,decorative fan,fan with lights,fan with remote,ceiling fan with remote,Alexa fan,home appliances,electronic items,Easycookingrecipes,shorts,YouTube shorts,shorts video,short video,viral video",Sweety Sharma ,2023-07-26T13:31:14Z,6566297.0,46572,60.0,https://youtube.com/watch?v=43YDFdrt7WA,,,,,,,,,,,,ceiling fan with remote,"Havells Designer Ceiling Fan with Remote #youtubeshorts #shorts #havellsindia #havells #electronic #homeappliances #homeappliance #homedecor #homedecoration #homedecorationideas #homedecoratingideas #ceilingfan #fanivideo #decoration #youtubeshorts #shortvideo #shortsvideo #viral #ytshorts #youtubeshort #shortsyoutube #Easycookingrecopes 

 Havells fan,decorative fan,fan with lights,fan with remote,ceiling fan with remote,Alexa fan,home appliances,electronic items,Easycookingrecipes,shorts,YouTube shorts,shorts video,short video,viral video",['Havells'],1,Havells,False,neutral,-0.1,53258.297
YouTube,KrbFqSHwrLg,Modern Ceiling Fan with LED Light Remote Control 🌐 #fanlight #fan #ledlights #beautifulfans #shorts,"Modern Ceiling Fan with LED Light Remote Control 🌐 #fanlight #fan #ledlights #beautifulfans #shorts #fansmade #truefan #fanenergy #fanproject #superfan #fanforever #masterfan #fansproject #fanspeed 

modern ceiling fan with led light remote control
what is the best ceiling fan with light and remote
ceiling fan with light remote not working
how do you wire a remote control ceiling fan
how to use ceiling fan remote control
modern ceiling fans with remote
remote ceiling fan with led light
ceiling fan with led light and remote price
remote control ceiling fan with light
best remote control ceiling fan with light
is there a universal remote for a ceiling fan
modern remote control car
fan control by remote
bldc ceiling fan remote control
bldc ceiling fan remote pairing
led fan remote control
ceiling fan with remote and led light
ceiling fan with light and remote price
fan with remote control and light
remote control fan with light price
rgb modern led ceiling light
remote ceiling fan with light
remote control jhumar
remote control led ceiling lights
remote fan light control
led light ceiling fan with remote",TokTak Gadget,2025-05-04T04:08:15Z,606600.0,3697,16.0,https://youtube.com/watch?v=KrbFqSHwrLg,,,,,,,,,,,,ceiling fan with remote,"Modern Ceiling Fan with LED Light Remote Control 🌐 #fanlight #fan #ledlights #beautifulfans #shorts Modern Ceiling Fan with LED Light Remote Control 🌐 #fanlight #fan #ledlights #beautifulfans #shorts #fansmade #truefan #fanenergy #fanproject #superfan #fanforever #masterfan #fansproject #fanspeed 

modern ceiling fan with led light remote control
what is the best ceiling fan with light and remote
ceiling fan with light remote not working
how do you wire a remote control ceiling fan
how to use ceiling fan remote control
modern ceiling fans with remote
remote ceiling fan with led light
ceiling fan with led light and remote price
remote control ceiling fan with light
best remote control ceiling fan with light
is there a universal remote for a ceiling fan
modern remote control car
fan control by remote
bldc ceiling fan remote control
bldc ceiling fan remote pairing
led fan remote control
ceiling fan with remote and led light
ceiling fan with light and remote price
fan with remote control and light
remote control fan with light price
rgb modern led ceiling light
remote ceiling fan with light
remote control jhumar
remote control led ceiling lights
remote fan light control
led light ceiling fan with remote",['Superfan'],1,Superfan,False,positive,0.138,4335.6
YouTube,zhNS1bqSKJs,How to Wire and Install a Ceiling Fan With Remote Control/Ceiling Light Fixture Removal.,"A step by step guide on how to remove a ceiling light fixture , wire and install a ceiling fan with remote control (a 54-inch Hampton Bay--Fanelee).  This video will walk through the safety measures, including how to shut off the circuit breaker, use a multi-meter, and how to safely remove a ceiling light fixture before wiring and installing a ceiling fan.

If you found this content meaningful and useful, please support this channel by subscribing and liking the video.  Thanks!

Other similar ceiling fan products for your research:
Prominence Home 51650-01 Lorelai Ceiling Fan, 52, Pewter 
https://amzn.to/30xFoIr
Hunter Oceana Ceiling Fan with LED Lights and Wall Control , 52"", Noble Bronze 
https://amzn.to/30mDCtu
Westinghouse Lighting 7224200 Comet Indoor Ceiling Fan with Light, Matte Black 
https://amzn.to/3mVlOxb

Check out my other videos:
How to Remove, Wire, and Replace a Garbage Disposal: InSinkErator Evolution Select Plus 
https://youtu.be/AT0hdeK966o
DIY Over the Range Microwave Oven Removal/Under Cabinet Range Hood Installation (2020)-- https://youtu.be/23dwRfA7Zao 
How to Convert a Gas Grill Into a Charcoal Grill--Weber Spirit--Save $$$ (2020)
-- https://youtu.be/WJKIhoB2rNY 
LED Ceiling Light Fixture Installation-- https://youtu.be/zgu--3woAzo
Exhaust Vent Fan Cleaning and Removal Step by Step (Moisture Sensor)
https://youtu.be/zFKKOAXhNis",DIY Potentials: Projects & Ideas,2021-10-10T14:21:00Z,325278.0,1625,100.0,https://youtube.com/watch?v=zhNS1bqSKJs,,,,,,,,,,,,ceiling fan with remote,"How to Wire and Install a Ceiling Fan With Remote Control/Ceiling Light Fixture Removal. A step by step guide on how to remove a ceiling light fixture , wire and install a ceiling fan with remote control (a 54-inch Hampton Bay--Fanelee).  This video will walk through the safety measures, including how to shut off the circuit breaker, use a multi-meter, and how to safely remove a ceiling light fixture before wiring and installing a ceiling fan.

If you found this content meaningful and useful, please support this channel by subscribing and liking the video.  Thanks!

Other similar ceiling fan products for your research:
Prominence Home 51650-01 Lorelai Ceiling Fan, 52, Pewter 
https://amzn.to/30xFoIr
Hunter Oceana Ceiling Fan with LED Lights and Wall Control , 52"", Noble Bronze 
https://amzn.to/30mDCtu
Westinghouse Lighting 7224200 Comet Indoor Ceiling Fan with Light, Matte Black 
https://amzn.to/3mVlOxb

Check out my other videos:
How to Remove, Wire, and Replace a Garbage Disposal: InSinkErator Evolution Select Plus 
https://youtu.be/AT0hdeK966o
DIY Over the Range Microwave Oven Removal/Under Cabinet Range Hood Installation (2020)-- https://youtu.be/23dwRfA7Zao 
How to Convert a Gas Grill Into a Charcoal Grill--Weber Spirit--Save $$$ (2020)
-- https://youtu.be/WJKIhoB2rNY 
LED Ceiling Light Fixture Installation-- https://youtu.be/zgu--3woAzo
Exhaust Vent Fan Cleaning and Removal Step by Step (Moisture Sensor)
https://youtu.be/zFKKOAXhNis",[],0,Generic,False,positive,0.221,2150.2780000000002
YouTube,wOvKxWUW-yc,Best BLDC Fan Under ₹2500 😳 Best BLDC Ceiling Fan in 2025 India 🔥Best Ceiling Fan ✅,,iGadz Unique,2025-02-24T13:50:18Z,666562.0,9606,182.0,https://youtube.com/watch?v=wOvKxWUW-yc,,,,,,,,,,,,ceiling fan with remote,Best BLDC Fan Under ₹2500 😳 Best BLDC Ceiling Fan in 2025 India 🔥Best Ceiling Fan ✅ nan,[],0,Generic,False,positive,1.0,10636.562
YouTube,gFT688pEDYk,Atomberg BLDC Ceiling fan With remote 3in1 Led light Smart fan  #remotefan  #atombergfan #ceilingfan,,Lighting Adda,2025-06-04T05:00:59Z,36512.0,155,0.0,https://youtube.com/watch?v=gFT688pEDYk,,,,,,,,,,,,ceiling fan with remote,Atomberg BLDC Ceiling fan With remote 3in1 Led light Smart fan  #remotefan  #atombergfan #ceilingfan nan,['Atomberg'],1,Atomberg,True,positive,0.171,191.512
YouTube,eUqNCj2T55I,Atomberg renesa smart plus 1200 mm ceiling fan pearl white unboxing #atomberg #atombergfan #renesa,,Gtfuturetechnology,2024-09-15T08:00:02Z,608093.0,2937,38.0,https://youtube.com/watch?v=eUqNCj2T55I,,,,,,,,,,,,ceiling fan with remote,Atomberg renesa smart plus 1200 mm ceiling fan pearl white unboxing #atomberg #atombergfan #renesa nan,['Atomberg'],1,Atomberg,True,positive,0.107,3621.093
YouTube,q-LLlIL6Kxk,Two-layer blade ceiling fan with remote control #DIYfan #CeilingFan #RemoteControl,,AC air conditioner and ceiling fan,2025-09-06T11:52:11Z,2890311.0,9413,19.0,https://youtube.com/watch?v=q-LLlIL6Kxk,,,,,,,,,,,,ceiling fan with remote,Two-layer blade ceiling fan with remote control #DIYfan #CeilingFan #RemoteControl nan,[],0,Generic,False,neutral,-0.1,12341.311
YouTube,w-duNH8Jiew,Atomberg Renesa Prime Ceiling Fan With Remote Control Review 💫 BLDC Motor Fan,"This is review video of atomberg renesa prime ceiling fan. It has 3 wings. It works on bldc motor technology for fast and noiseless working.

#fan 
#ceilingfan 
#atomberg 
#bestceilingfan 


Disclaimer :- This review video is my own opinion on products which is seen in the video. It is not the expert opinion. It is strictly not the expert recommendation to buy the products. Before buying any products you must visit the product's official website and read the necessary information about the products.",Everything Unbox Junction,2025-05-13T03:17:13Z,197457.0,869,0.0,https://youtube.com/watch?v=w-duNH8Jiew,,,,,,,,,,,,ceiling fan with remote,"Atomberg Renesa Prime Ceiling Fan With Remote Control Review 💫 BLDC Motor Fan This is review video of atomberg renesa prime ceiling fan. It has 3 wings. It works on bldc motor technology for fast and noiseless working.

#fan 
#ceilingfan 
#atomberg 
#bestceilingfan 


Disclaimer :- This review video is my own opinion on products which is seen in the video. It is not the expert opinion. It is strictly not the expert recommendation to buy the products. Before buying any products you must visit the product's official website and read the necessary information about the products.",['Atomberg'],1,Atomberg,True,positive,0.175,1066.4569999999999
Twitter,,,,,,,0,,https://twitter.com/x/status/None,,unknown,0.0,0.0,0.0,,,,,,,ceiling fan with remote,,[],0,Generic,False,neutral,0.0,0.0
Twitter,,,,,,,0,,https://twitter.com/x/status/None,,unknown,0.0,0.0,0.0,,,,,,,ceiling fan with remote,,[],0,Generic,False,neutral,0.0,0.0
Twitter,,,,,,,0,,https://twitter.com/x/status/None,,unknown,0.0,0.0,0.0,,,,,,,ceiling fan with remote,,[],0,Generic,False,neutral,0.0,0.0
Twitter,,,,,,,0,,https://twitter.com/x/status/None,,unknown,0.0,0.0,0.0,,,,,,,ceiling fan with remote,,[],0,Generic,False,neutral,0.0,0.0
Twitter,,,,,,,0,,https://twitter.com/x/status/None,,unknown,0.0,0.0,0.0,,,,,,,ceiling fan with remote,,[],0,Generic,False,neutral,0.0,0.0
Twitter,,,,,,,0,,https://twitter.com/x/status/None,,unknown,0.0,0.0,0.0,,,,,,,ceiling fan with remote,,[],0,Generic,False,neutral,0.0,0.0
Twitter,,,,,,,0,,https://twitter.com/x/status/None,,unknown,0.0,0.0,0.0,,,,,,,ceiling fan with remote,,[],0,Generic,False,neutral,0.0,0.0
Twitter,,,,,,,0,,https://twitter.com/x/status/None,,unknown,0.0,0.0,0.0,,,,,,,ceiling fan with remote,,[],0,Generic,False,neutral,0.0,0.0
Twitter,,,,,,,0,,https://twitter.com/x/status/None,,unknown,0.0,0.0,0.0,,,,,,,ceiling fan with remote,,[],0,Generic,False,neutral,0.0,0.0
Twitter,,,,,,,0,,https://twitter.com/x/status/None,,unknown,0.0,0.0,0.0,,,,,,,ceiling fan with remote,,[],0,Generic,False,neutral,0.0,0.0
Instagram,3749806166848225930,,,,2025-10-23T15:02:31.000Z,,0,0.0,https://www.instagram.com/p/DQJ_NdnjsKK/,,,,,,"ویڈیو کا لنک پہلے کمنٹ میں دیا گیا ہے۔
#LithiumBatteryFan #CeilingFanWithRemote #BudgetCeilingFan",qctvdigital,Image,,,,ceiling fan with remote,"ویڈیو کا لنک پہلے کمنٹ میں دیا گیا ہے۔
#LithiumBatteryFan #CeilingFanWithRemote #BudgetCeilingFan",[],0,Generic,False,neutral,0.0,0.0
Instagram,3727952061561750538,,,,2025-09-23T11:22:18.000Z,,1,0.0,https://www.instagram.com/p/DO8WKYBEsQK/,,,,,,"क्या आप भी अपने घर के लिए एक Smart Ceiling Fan खरीदना चाहते हैं?
तो अब इंतज़ार कैसा?
Rohtak Electronics पर मिल रहे हैं
✅ Smart Technology से लैस Ceiling Fans
✅ Remote & App Control
✅ Stylish Looks और Super Silent Performance
✅ कम बिजली में ज़्यादा ठंडक – वो भी Top Brands के साथ!

घर को दीजिए स्मार्ट और स्टाइलिश टच – सिर्फ Rohtak Electronics से।

📞 +91 98968-88456, +91 99921-85554
📍 Gohana Road, Sukhpura Chowk, Near Dalal Bhawan, Rohtak

#RohtakElectronics #SmartCeilingFan #CeilingFanWithRemote #",rohtakelectronics,Image,,,,ceiling fan with remote,"क्या आप भी अपने घर के लिए एक Smart Ceiling Fan खरीदना चाहते हैं?
तो अब इंतज़ार कैसा?
Rohtak Electronics पर मिल रहे हैं
✅ Smart Technology से लैस Ceiling Fans
✅ Remote & App Control
✅ Stylish Looks और Super Silent Performance
✅ कम बिजली में ज़्यादा ठंडक – वो भी Top Brands के साथ!

घर को दीजिए स्मार्ट और स्टाइलिश टच – सिर्फ Rohtak Electronics से।

📞 +91 98968-88456, +91 99921-85554
📍 Gohana Road, Sukhpura Chowk, Near Dalal Bhawan, Rohtak

#RohtakElectronics #SmartCeilingFan #CeilingFanWithRemote #",[],0,Generic,False,positive,0.236,1.0
Instagram,3708568242304327946,,,,2025-08-27T17:30:07.000Z,,0,0.0,https://www.instagram.com/p/DN3eyrj2CEK/,,,,,,"Bajaj Eurostos 1200MM BLDC Ceiling Fan – Cool Comfort with Smart Savings
See Current Offers And Price on Amazon.
https://amzn.in/d/dhKiWjp
#BajajEurostos #BLDCCeilingFan  #SmartCoolingSolutions  #EnergyEfficientFans  #HomeComfort  #CeilingFanWithRemote #BajajAppliances",pravinkalahari,Image,,,,ceiling fan with remote,"Bajaj Eurostos 1200MM BLDC Ceiling Fan – Cool Comfort with Smart Savings
See Current Offers And Price on Amazon.
https://amzn.in/d/dhKiWjp
#BajajEurostos #BLDCCeilingFan  #SmartCoolingSolutions  #EnergyEfficientFans  #HomeComfort  #CeilingFanWithRemote #BajajAppliances",['Bajaj'],1,Bajaj,False,positive,0.166,0.0
Instagram,3703292155577565098,,,,2025-08-20T10:47:28.000Z,,0,0.0,https://www.instagram.com/p/DNkvJg4sP-q/,,,,,,"RGB  lights are suitable for living rooms and bedrooms.
My lighting factory can offer media file for your lighting website, even the customized lamps.
We have regular stock for many lamps, others production time is 7-15 days.
If you want a catalog, please contact us.
Official website: https://www.huaqi-lighting.com/
Alibaba: https://huaqilighting.en.alibaba.com/
#lights #lamps #ledlights #fanlight #ceilingfans #ceilingfanswithlights #chandelierceilingfan #chandelierfan #farmhouseceilingfan #fand",huaqilighting,Sidecar,,,,ceiling fan with remote,"RGB  lights are suitable for living rooms and bedrooms.
My lighting factory can offer media file for your lighting website, even the customized lamps.
We have regular stock for many lamps, others production time is 7-15 days.
If you want a catalog, please contact us.
Official website: https://www.huaqi-lighting.com/
Alibaba: https://huaqilighting.en.alibaba.com/
#lights #lamps #ledlights #fanlight #ceilingfans #ceilingfanswithlights #chandelierceilingfan #chandelierfan #farmhouseceilingfan #fand",[],0,Generic,False,positive,0.35,0.0
Instagram,3691505907396848555,,,,2025-08-04T04:30:18.000Z,,-1,0.0,https://www.instagram.com/p/DM63RB4pSur/,,,,,,"Atomberg Renesa Prime 1200mm BLDC Ceiling Fan 🌬️
Smart cooling meets sleek design! The Atomberg Renesa Prime features energy-efficient BLDC motor technology that saves up to 65% electricity, even at high speeds. Comes with a user-friendly remote, LED indicators, and elegant matte finish. Perfect blend of style, performance, and innovation for modern homes!

🛒 Available now at Chennoth Lighthouse – Your Trusted Electrical Store in Cherthala
We offer high-quality fans, cables, switches, LED lights",chennoth_,Image,,,,ceiling fan with remote,"Atomberg Renesa Prime 1200mm BLDC Ceiling Fan 🌬️
Smart cooling meets sleek design! The Atomberg Renesa Prime features energy-efficient BLDC motor technology that saves up to 65% electricity, even at high speeds. Comes with a user-friendly remote, LED indicators, and elegant matte finish. Perfect blend of style, performance, and innovation for modern homes!

🛒 Available now at Chennoth Lighthouse – Your Trusted Electrical Store in Cherthala
We offer high-quality fans, cables, switches, LED lights",['Atomberg'],1,Atomberg,True,positive,0.354,-1.0
Instagram,3684579020348830484,,,,2025-07-25T15:07:49.000Z,,6,0.0,https://www.instagram.com/p/DMiQRjmv7MU/,,,,,,"Stay cool, save more! ❄️
ROTEX fans come with smart remote, timer mode & 5-star energy savings 🌟
More air. Less power. Maximum comfort.
Now with 2+1 year warranty 💡

#RotexFans #SmartCooling #EnergySaverFan #RemoteControlFan #5StarRatedFan #CeilingFanWithRemote #MadeForComfort #PowerSavingFans

[energy saving fan rajkot, smart fan with remote, remote ceiling fan rajkot, 5 star fan manufacturer,  power saving fan, rotex smart fan]",rotexfans,Image,,,,ceiling fan with remote,"Stay cool, save more! ❄️
ROTEX fans come with smart remote, timer mode & 5-star energy savings 🌟
More air. Less power. Maximum comfort.
Now with 2+1 year warranty 💡

#RotexFans #SmartCooling #EnergySaverFan #RemoteControlFan #5StarRatedFan #CeilingFanWithRemote #MadeForComfort #PowerSavingFans

[energy saving fan rajkot, smart fan with remote, remote ceiling fan rajkot, 5 star fan manufacturer,  power saving fan, rotex smart fan]",[],0,Generic,False,positive,0.165,6.0
Google,https://www.amazon.in/atomberg-Renesa-Enzel-Ceiling-Warranty/dp/B0CHJNJJDP,Buy atomberg Renesa Enzel 1200mm BLDC Ceiling Fan ...,1200mm BLDC Ceiling Fan with Remote Control | BEE 5 star Rated Energy Efficient Ceiling Fan | High Air Delivery with LED Indicators| 3 Year Warranty,https:,,0.0,0,0.0,https://www.amazon.in/atomberg-Renesa-Enzel-Ceiling-Warranty/dp/B0CHJNJJDP,,,,,,,,,https://www.amazon.in › atomberg-Renesa-Enzel-Ceilin...,0.0,ceiling fan with remote review India,ceiling fan with remote,,[],0,Generic,False,neutral,0.0,0.0
Google,https://www.quora.com/Is-it-worth-buying-a-ceiling-fan-with-remote-control-Is-there-a-good-option-available-in-India,Is it worth buying a ceiling fan with remote control? Is there ...,"Apart from saving significant amount of power, you will get a remote for controlling speeds and setting timers. In our house, we have BLDC fans ...",1 answer  ·  8 years ago,,0.0,0,0.0,https://www.quora.com/Is-it-worth-buying-a-ceiling-fan-with-remote-control-Is-there-a-good-option-available-in-India,,,,,,,,,1 answer  ·  8 years ago,0.0,ceiling fan with remote review India,ceiling fan with remote,,[],0,Generic,False,neutral,0.0,0.0
Google,https://vsctimes.com/best-ceiling-fans/,7 Best Ceiling Fans in India 2025 | Buyer's Guide & Reviews!,Best Ceiling Fans in India 2025. 1. Atomberg Renesa BLDC Ceiling Fan. Best BLDC Fan in India. 1200mm BLDC Motor 5 Star Rated Ceiling Fan with Remote Control.,https:,,0.0,0,0.0,https://vsctimes.com/best-ceiling-fans/,,,,,,,,,https://vsctimes.com › Ceiling Fans,0.0,ceiling fan with remote review India,ceiling fan with remote,,[],0,Generic,False,neutral,0.0,0.0
Google,https://www.reddit.com/r/Kerala/comments/1kecrii/any_bldc_fan_users_share_your_experiences/,Any BLDC fan users? Share your experiences : r/Kerala,"BLDC fans are great, the only con I found in my Atomberg one were that they take a little time to catch up the speed unlike the conventional ...",Reddit › r,,0.0,0,0.0,https://www.reddit.com/r/Kerala/comments/1kecrii/any_bldc_fan_users_share_your_experiences/,,,,,,,,,Reddit › r/Kerala,0.0,ceiling fan with remote review India,ceiling fan with remote,,[],0,Generic,False,neutral,0.0,0.0
Google,https://www.flipkart.com/atomberg-renesa-1200-mm-bldc-motor-remote-3-blade-ceiling-fan/product-reviews/itm920c1e2d79bf8?pid=FANFCFYT5H6ETZPK,Latest Review of Atomberg Renesa 1200 Mm Bldc Motor ...,"Superb, a must buy. only 28w power consumption compared to 75w of my old crompton fan, on full speed mode its faster and less noisier than any other company ...",https:,,0.0,0,0.0,https://www.flipkart.com/atomberg-renesa-1200-mm-bldc-motor-remote-3-blade-ceiling-fan/product-reviews/itm920c1e2d79bf8?pid=FANFCFYT5H6ETZPK,,,,,,,,,https://www.flipkart.com › product-reviews › pid=FAN...,0.0,ceiling fan with remote review India,ceiling fan with remote,,[],0,Generic,False,neutral,0.0,0.0
Google,https://atomberg.com/atomberg-ceiling-fans?srsltid=AfmBOopcsc99UJdu8PGNBZ9ze6VHbFVTFyrIAkr8UPYthgr5a4cNf4pP,Buy Premium BLDC Ceiling Fans At Best Prices Online In ...,"These fans offer precise speed control, silent operation, and longer lifespan. The best ceiling fans combine efficiency with smart features like remote control ...",https:,,0.0,0,0.0,https://atomberg.com/atomberg-ceiling-fans?srsltid=AfmBOopcsc99UJdu8PGNBZ9ze6VHbFVTFyrIAkr8UPYthgr5a4cNf4pP,,,,,,,,,https://atomberg.com › atomberg-ceiling-fans,0.0,ceiling fan with remote review India,ceiling fan with remote,,[],0,Generic,False,neutral,0.0,0.0
Google,https://www.editorji.com/tech-news/gadget-review/ecolink-airoelevate-bldc-ceiling-fan-review-finally-a-fan-that-s-as-smart-as-it-looks-1745834174650,EcoLink AiroElevate BLDC Ceiling Fan Review,"The EcoLink AiroElevate BLDC ceiling fan blends stylish design, silent high-performance airflow, smart remote features, and energy efficiency",https:,,0.0,0,0.0,https://www.editorji.com/tech-news/gadget-review/ecolink-airoelevate-bldc-ceiling-fan-review-finally-a-fan-that-s-as-smart-as-it-looks-1745834174650,,,,,,,,,https://www.editorji.com › tech news › gadget review,0.0,ceiling fan with remote review India,ceiling fan with remote,,[],0,Generic,False,neutral,0.0,0.0
Google,https://www.hunterfan.com/collections/ceiling-fans-with-remotes?srsltid=AfmBOorKD7ojyxXIWbAAHqI6qaBAGo3pk8NFJEXgGPmgXgfnNZ9OxQzU,Ceiling Fans with Remote & Wall Control,Most Popular Products In This Category ; Dempsey Low Profile with Light 44 inch. $199.99 ; Aerodyne Indoor Smart Fan with LED Light 52 inch with Remote. $269.99.,https:,,0.0,0,0.0,https://www.hunterfan.com/collections/ceiling-fans-with-remotes?srsltid=AfmBOorKD7ojyxXIWbAAHqI6qaBAGo3pk8NFJEXgGPmgXgfnNZ9OxQzU,,,,,,,,,https://www.hunterfan.com › collections › ceiling-fans-w...,0.0,ceiling fan with remote best brands,ceiling fan with remote,,[],0,Generic,False,neutral,0.0,0.0
Google,https://www.delmarfans.com/ceiling-fans/remote/,Remote Control Ceiling Fans | DelMarFans.com,"Top brands like Minka Aire, Hinkley, Quorum, Hunter, Fanimation, Modern Fan Company, and Matthews Fan Company offer ceiling fans with LED light and remote, ...",https:,,0.0,0,0.0,https://www.delmarfans.com/ceiling-fans/remote/,,,,,,,,,https://www.delmarfans.com › Ceiling Fans,0.0,ceiling fan with remote best brands,ceiling fan with remote,,[],0,Generic,False,neutral,0.0,0.0
Google,https://www.bhg.com/home-improvement/electrical/best-ceiling-fans/,"The 7 Best Ceiling Fans of 2025, Tested by BHG",Best Overall: · Honeywell Carmel Indoor Ceiling Fan at Amazon · $120 ; Best Budget: Better Homes & Gardens 44 Inch Indoor Ceiling Fan at Walmart ...,https:,,0.0,0,0.0,https://www.bhg.com/home-improvement/electrical/best-ceiling-fans/,,,,,,,,,https://www.bhg.com › ... › Fixture Reviews,0.0,ceiling fan with remote best brands,ceiling fan with remote,,[],0,Generic,False,neutral,0.0,0.0
Google,https://www.homedepot.com/b/Smart-Home-Smart-Ceiling-Fans/Best-Rated/N-5yc1vZccuuZbwo5q,Best Rated - Smart Ceiling Fans,Some of the most reviewed products in Smart Ceiling Fans are the Westinghouse Barnett 48 in. LED Barnwood Smart Ceiling Fan with Light Kit and Remote Control ...,https:,,0.0,0,0.0,https://www.homedepot.com/b/Smart-Home-Smart-Ceiling-Fans/Best-Rated/N-5yc1vZccuuZbwo5q,,,,,,,,,https://www.homedepot.com › ... › Smart Ceiling Fans,0.0,ceiling fan with remote best brands,ceiling fan with remote,,[],0,Generic,False,neutral,0.0,0.0
Google,https://www.reddit.com/r/smarthome/comments/1leo32m/can_anyone_recommend_modern_ceiling_fan_with/,Can anyone recommend modern ceiling fan with lights that ...,Can anyone recommend modern ceiling fan with lights that could be controlled both from the wall and with remote/smart hub? I currently have a ...,Reddit › r,,0.0,0,0.0,https://www.reddit.com/r/smarthome/comments/1leo32m/can_anyone_recommend_modern_ceiling_fan_with/,,,,,,,,,Reddit › r/smarthome,0.0,ceiling fan with remote best brands,ceiling fan with remote,,[],0,Generic,False,neutral,0.0,0.0
Google,https://www.amazon.com/Best-Sellers-Ceiling-Fans/zgbs/hi/404433011,Best Ceiling Fans,"Amico Ceiling Fans with Lights, 42 inch Low Profile Ceiling fan with Light and Remote Control, Flush Mount, Reversible, 3CCT, Dimmable, Noiseless, ...",https:,,0.0,0,0.0,https://www.amazon.com/Best-Sellers-Ceiling-Fans/zgbs/hi/404433011,,,,,,,,,https://www.amazon.com › zgbs,0.0,ceiling fan with remote best brands,ceiling fan with remote,,[],0,Generic,False,neutral,0.0,0.0
Google,https://www.thespruce.com/best-ceiling-fans-4108334,The 10 Best Ceiling Fans The Spruce Has Tested,"For our best for large rooms, we love the Honeywell Xerxes Ceiling Fan, which provides effective airflow and comes with a multi-function remote ...",https:,,0.0,0,0.0,https://www.thespruce.com/best-ceiling-fans-4108334,,,,,,,,,https://www.thespruce.com › ... › Cooling,0.0,ceiling fan with remote best brands,ceiling fan with remote,,[],0,Generic,False,neutral,0.0,0.0
Google,https://www.honeywellstore.com/store/category/honeywell-ceiling-fans.htm,Ceiling Fan with Remote,"Designed elegantly with longevity in mind, Honeywell Ceiling Fans are capable of adding multiple layers of style while promoting excellent air circulation.",https:,,0.0,0,0.0,https://www.honeywellstore.com/store/category/honeywell-ceiling-fans.htm,,,,,,,,,https://www.honeywellstore.com › honeywell-ceiling-fans,0.0,ceiling fan with remote best brands,ceiling fan with remote,,[],0,Generic,False,neutral,0.0,0.0
Google,https://smafan.com/collections/ceiling-fan-with-remote?srsltid=AfmBOopjjVybQYx1_ijMSyO4vRNV85hqxBOOxkAFQbNeuzY8as_5Pi7f,Ceiling Fan with Lights and Remote Control | Smafan,"Discover Smafan's ceiling fans with remote control and LED lights. Enjoy quiet, energy-efficient performance and stylish comfort for every room in your ...",https:,,0.0,0,0.0,https://smafan.com/collections/ceiling-fan-with-remote?srsltid=AfmBOopjjVybQYx1_ijMSyO4vRNV85hqxBOOxkAFQbNeuzY8as_5Pi7f,,,,,,,,,https://smafan.com › collections › ceiling-fan-with-remote,0.0,ceiling fan with remote best brands,ceiling fan with remote,,[],0,Generic,False,neutral,0.0,0.0
Google,https://www.hunterfan.com/collections/ceiling-fans-with-remotes?srsltid=AfmBOoqqY9z2NG-Y6XkB_al0VkAPmY1ts6cMbETF8S2xMjxtnQujjbmm,Ceiling Fans with Remote & Wall Control,Enjoy comfort and convenience with ceiling fans with remotes from Hunter. Shop our selection of remote control ceiling fans with lights or without.,https:,,0.0,0,0.0,https://www.hunterfan.com/collections/ceiling-fans-with-remotes?srsltid=AfmBOoqqY9z2NG-Y6XkB_al0VkAPmY1ts6cMbETF8S2xMjxtnQujjbmm,,,,,,,,,https://www.hunterfan.com › collections › ceiling-fans-w...,0.0,buy ceiling fan with remote,ceiling fan with remote,,[],0,Generic,False,neutral,0.0,0.0
Google,https://www.amazon.com/Ceiling-Fans-Remote-Control-Accessories/s?keywords=Ceiling+Fans&rh=n%3A404433011%2Cp_n_feature_sixteen_browse-bin%3A5741535011&c=ts&ts_id=404433011,Remote Control / Ceiling Fans / Ceiling Fans & Accessories,"ZMISHIBO 52 Inch Ceiling Fan with Light, App&Remote Control, Flush Mount Low Profile, Dimmable 20W LED Light, Quiet Reversible Motor for Bedroom, Living Room, ...",https:,,0.0,0,0.0,https://www.amazon.com/Ceiling-Fans-Remote-Control-Accessories/s?keywords=Ceiling+Fans&rh=n%3A404433011%2Cp_n_feature_sixteen_browse-bin%3A5741535011&c=ts&ts_id=404433011,,,,,,,,,https://www.amazon.com › Ceiling-Fans-Remote-Contr...,0.0,buy ceiling fan with remote,ceiling fan with remote,,[],0,Generic,False,neutral,0.0,0.0
Google,https://www.homedepot.com/b/Lighting-Ceiling-Fans/Remote-Control-Included/N-5yc1vZbvlqZ1z0tey8,Remote Control Included - Ceiling Fans,Hampton BayMena 54 in.​ White Color Changing Integrated LED Indoor/​Outdoor Matte Black Ceiling Fan with Light Kit and Remote Control.,https:,,0.0,0,0.0,https://www.homedepot.com/b/Lighting-Ceiling-Fans/Remote-Control-Included/N-5yc1vZbvlqZ1z0tey8,,,,,,,,,https://www.homedepot.com › Lighting › Ceiling Fans,0.0,buy ceiling fan with remote,ceiling fan with remote,,[],0,Generic,False,neutral,0.0,0.0
Google,https://www.dansfancity.com/fans-with-remote?srsltid=AfmBOopkocfc_X8u-TCzSsqN03J-CJoGF-KfEISJr3W96iIjbaVaFM-l,Ceiling Fans with Lights and Remote,"52"" Indoor Contemporary Ceiling Fan with Remote and 15W LED Light $299.99 Captiva Oil Rubbed Bronze with 52"" Walnut Blades",https:,,0.0,0,0.0,https://www.dansfancity.com/fans-with-remote?srsltid=AfmBOopkocfc_X8u-TCzSsqN03J-CJoGF-KfEISJr3W96iIjbaVaFM-l,,,,,,,,,https://www.dansfancity.com › fans-with-remote,0.0,buy ceiling fan with remote,ceiling fan with remote,,[],0,Generic,False,neutral,0.0,0.0
Google,https://www.lowes.com/pl/ceiling-fans/remote-control/4294395604-4294395861,Remote control Ceiling Fans at Lowes.com,Find Remote control ceiling fans at Lowe's today. Shop ceiling fans and a variety of lighting & ceiling fans products online at Lowes.com.,https:,,0.0,0,0.0,https://www.lowes.com/pl/ceiling-fans/remote-control/4294395604-4294395861,,,,,,,,,https://www.lowes.com › ... › Ceiling Fans,0.0,buy ceiling fan with remote,ceiling fan with remote,,[],0,Generic,False,neutral,0.0,0.0
Google,https://www.amazon.com/stores/HunterFanCompany/page/238A096C-86A0-40CC-B000-C2805137E16B,Hunter Fan Company: Ceiling Fans with Remote,"Hunter 60 inch Indoor Ceiling Fan with LED Light and Remote Control - Black Smart Ceiling Fan, Standard Mount, 6 Blades, For Bedroom or Living Room,...",https:,,0.0,0,0.0,https://www.amazon.com/stores/HunterFanCompany/page/238A096C-86A0-40CC-B000-C2805137E16B,,,,,,,,,https://www.amazon.com › HunterFanCompany › page,0.0,buy ceiling fan with remote,ceiling fan with remote,,[],0,Generic,False,neutral,0.0,0.0
Google,https://www.walmart.com/browse/home/ceiling-fans-with-remote/4044_133012_133113_6075755_3857977,Ceiling Fans with Remote in Ceiling Fans(1000+),"BLITZWILL Ceiling Fans with Lights and Remote & App Control, 42"" Modern Ceiling Fan with 5 Dual-sided Blades, 6-Speeds Noiseless Reversible DC Motor for ...",https:,,0.0,0,0.0,https://www.walmart.com/browse/home/ceiling-fans-with-remote/4044_133012_133113_6075755_3857977,,,,,,,,,https://www.walmart.com › browse › home › ceiling-fa...,0.0,buy ceiling fan with remote,ceiling fan with remote,,[],0,Generic,False,neutral,0.0,0.0
Google,https://www.menards.com/main/lighting-ceiling-fans/c-7476.htm?srsltid=AfmBOopr53AEgDj5ukyARtC9Txx9iltOTnLyHzgfzQkazUWuGJwwwJoF,Lighting & Ceiling Fans,"Indoor Ceiling Fans · Patriot Lighting® Carlisle 44"" Matte Black Indoor LED Ceiling Fan with Remote · Ceiling Fan Buying Guide · Shop All Ceiling Fans · Indoor ...",https:,,0.0,0,0.0,https://www.menards.com/main/lighting-ceiling-fans/c-7476.htm?srsltid=AfmBOopr53AEgDj5ukyARtC9Txx9iltOTnLyHzgfzQkazUWuGJwwwJoF,,,,,,,,,https://www.menards.com › main › lighting-ceiling-fans,0.0,buy ceiling fan with remote,ceiling fan with remote,,[],0,Generic,False,neutral,0.0,0.0
